Loan_ID,Gender,Married,Dependents,Education,Employed,ApplicantIncome,CoapplicantIncome,LoanAmount,Loan_Amount_Term,Credit_History,Property_Area,Loan_Status
LP001002,Male,No,0,Graduate,No,58490,0,,360,1,Urban,Y
LP001003,Male,Yes,1,Graduate,No,45830,15080,12800,360,1,Rural,N
LP001005,Male,Yes,0,Graduate,Yes,30000,0,6600,360,1,Urban,Y
LP001006,Male,Yes,0,Not Graduate,No,25830,23580,12000,360,1,Urban,Y
LP001008,Male,No,0,Graduate,No,60000,0,14100,360,1,Urban,Y
LP001011,Male,Yes,2,Graduate,Yes,54170,41960,26700,360,1,Urban,Y
LP001013,Male,Yes,0,Not Graduate,No,23330,15160,9500,360,1,Urban,Y
LP001014,Male,Yes,3+,Graduate,No,30360,25040,15800,360,0,Semiurban,N
LP001018,Male,Yes,2,Graduate,No,40060,15260,16800,360,1,Urban,Y
LP001020,Male,Yes,1,Graduate,No,128410,109680,34900,360,1,Semiurban,N
LP001024,Male,Yes,2,Graduate,No,32000,7000,7000,360,1,Urban,Y
LP001027,Male,Yes,2,Graduate,,25000,18400,10900,360,1,Urban,Y
LP001028,Male,Yes,2,Graduate,No,30730,81060,20000,360,1,Urban,Y
LP001029,Male,No,0,Graduate,No,18530,28400,11400,360,1,Rural,N
LP001030,Male,Yes,2,Graduate,No,12990,10860,1700,120,1,Urban,Y
LP001032,Male,No,0,Graduate,No,49500,0,12500,360,1,Urban,Y
LP001034,Male,No,1,Not Graduate,No,35960,0,10000,240,,Urban,Y
LP001036,Female,No,0,Graduate,No,35100,0,7600,360,0,Urban,N
LP001038,Male,Yes,0,Not Graduate,No,48870,0,13300,360,1,Rural,N
LP001041,Male,Yes,0,Graduate,,26000,35000,11500,,1,Urban,Y
LP001043,Male,Yes,0,Not Graduate,No,76600,0,10400,360,0,Urban,N
LP001046,Male,Yes,1,Graduate,No,59550,56250,31500,360,1,Urban,Y
LP001047,Male,Yes,0,Not Graduate,No,26000,19110,11600,360,0,Semiurban,N
LP001050,,Yes,2,Not Graduate,No,33650,19170,11200,360,0,Rural,N
LP001052,Male,Yes,1,Graduate,,37170,29250,15100,360,,Semiurban,N
LP001066,Male,Yes,0,Graduate,Yes,95600,0,19100,360,1,Semiurban,Y
LP001068,Male,Yes,0,Graduate,No,27990,22530,12200,360,1,Semiurban,Y
LP001073,Male,Yes,2,Not Graduate,No,42260,10400,11000,360,1,Urban,Y
LP001086,Male,No,0,Not Graduate,No,14420,0,3500,360,1,Urban,N
LP001087,Female,No,2,Graduate,,37500,20830,12000,360,1,Semiurban,Y
LP001091,Male,Yes,1,Graduate,,41660,33690,20100,360,,Urban,N
LP001095,Male,No,0,Graduate,No,31670,0,7400,360,1,Urban,N
LP001097,Male,No,1,Graduate,Yes,46920,0,10600,360,1,Rural,N
LP001098,Male,Yes,0,Graduate,No,35000,16670,11400,360,1,Semiurban,Y
LP001100,Male,No,3+,Graduate,No,125000,30000,32000,360,1,Rural,N
LP001106,Male,Yes,0,Graduate,No,22750,20670,,360,1,Urban,Y
LP001109,Male,Yes,0,Graduate,No,18280,13300,10000,,0,Urban,N
LP001112,Female,Yes,0,Graduate,No,36670,14590,14400,360,1,Semiurban,Y
LP001114,Male,No,0,Graduate,No,41660,72100,18400,360,1,Urban,Y
LP001116,Male,No,0,Not Graduate,No,37480,16680,11000,360,1,Semiurban,Y
LP001119,Male,No,0,Graduate,No,36000,0,8000,360,1,Urban,N
LP001120,Male,No,0,Graduate,No,18000,12130,4700,360,1,Urban,Y
LP001123,Male,Yes,0,Graduate,No,24000,0,7500,360,,Urban,Y
LP001131,Male,Yes,0,Graduate,No,39410,23360,13400,360,1,Semiurban,Y
LP001136,Male,Yes,0,Not Graduate,Yes,46950,0,9600,,1,Urban,Y
LP001137,Female,No,0,Graduate,No,34100,0,8800,,1,Urban,Y
LP001138,Male,Yes,1,Graduate,No,56490,0,4400,360,1,Urban,Y
LP001144,Male,Yes,0,Graduate,No,58210,0,14400,360,1,Urban,Y
LP001146,Female,Yes,0,Graduate,No,26450,34400,12000,360,0,Urban,N
LP001151,Female,No,0,Graduate,No,40000,22750,14400,360,1,Semiurban,Y
LP001155,Female,Yes,0,Not Graduate,No,19280,16440,10000,360,1,Semiurban,Y
LP001157,Female,No,0,Graduate,No,30860,0,12000,360,1,Semiurban,Y
LP001164,Female,No,0,Graduate,No,42300,0,11200,360,1,Semiurban,N
LP001179,Male,Yes,2,Graduate,No,46160,0,13400,360,1,Urban,N
LP001186,Female,Yes,1,Graduate,Yes,115000,0,28600,360,0,Urban,N
LP001194,Male,Yes,2,Graduate,No,27080,11670,9700,360,1,Semiurban,Y
LP001195,Male,Yes,0,Graduate,No,21320,15910,9600,360,1,Semiurban,Y
LP001197,Male,Yes,0,Graduate,No,33660,22000,13500,360,1,Rural,N
LP001198,Male,Yes,1,Graduate,No,80800,22500,18000,360,1,Urban,Y
LP001199,Male,Yes,2,Not Graduate,No,33570,28590,14400,360,1,Urban,Y
LP001205,Male,Yes,0,Graduate,No,25000,37960,12000,360,1,Urban,Y
LP001206,Male,Yes,3+,Graduate,No,30290,0,9900,360,1,Urban,Y
LP001207,Male,Yes,0,Not Graduate,Yes,26090,34490,16500,180,0,Rural,N
LP001213,Male,Yes,1,Graduate,No,49450,0,,360,0,Rural,N
LP001222,Female,No,0,Graduate,No,41660,0,11600,360,0,Semiurban,N
LP001225,Male,Yes,0,Graduate,No,57260,45950,25800,360,1,Semiurban,N
LP001228,Male,No,0,Not Graduate,No,32000,22540,12600,180,0,Urban,N
LP001233,Male,Yes,1,Graduate,No,107500,0,31200,360,1,Urban,Y
LP001238,Male,Yes,3+,Not Graduate,Yes,71000,0,12500,60,1,Urban,Y
LP001241,Female,No,0,Graduate,No,43000,0,13600,360,0,Semiurban,N
LP001243,Male,Yes,0,Graduate,No,32080,30660,17200,360,1,Urban,Y
LP001245,Male,Yes,2,Not Graduate,Yes,18750,18750,9700,360,1,Semiurban,Y
LP001248,Male,No,0,Graduate,No,35000,0,8100,300,1,Semiurban,Y
LP001250,Male,Yes,3+,Not Graduate,No,47550,0,9500,,0,Semiurban,N
LP001253,Male,Yes,3+,Graduate,Yes,52660,17740,18700,360,1,Semiurban,Y
LP001255,Male,No,0,Graduate,No,37500,0,11300,480,1,Urban,N
LP001256,Male,No,0,Graduate,No,37500,47500,17600,360,1,Urban,N
LP001259,Male,Yes,1,Graduate,Yes,10000,30220,11000,360,1,Urban,N
LP001263,Male,Yes,3+,Graduate,No,31670,40000,18000,300,0,Semiurban,N
LP001264,Male,Yes,3+,Not Graduate,Yes,33330,21660,13000,360,,Semiurban,Y
LP001265,Female,No,0,Graduate,No,38460,0,11100,360,1,Semiurban,Y
LP001266,Male,Yes,1,Graduate,Yes,23950,0,,360,1,Semiurban,Y
LP001267,Female,Yes,2,Graduate,No,13780,18810,16700,360,1,Urban,N
LP001273,Male,Yes,0,Graduate,No,60000,22500,26500,360,,Semiurban,N
LP001275,Male,Yes,1,Graduate,No,39880,0,5000,240,1,Urban,Y
LP001279,Male,No,0,Graduate,No,23660,25310,13600,360,1,Semiurban,Y
LP001280,Male,Yes,2,Not Graduate,No,33330,20000,9900,360,,Semiurban,Y
LP001282,Male,Yes,0,Graduate,No,25000,21180,10400,360,1,Semiurban,Y
LP001289,Male,No,0,Graduate,No,85660,0,21000,360,1,Urban,Y
LP001310,Male,Yes,0,Graduate,No,56950,41670,17500,360,1,Semiurban,Y
LP001316,Male,Yes,0,Graduate,No,29580,29000,13100,360,1,Semiurban,Y
LP001318,Male,Yes,2,Graduate,No,62500,56540,18800,180,1,Semiurban,Y
LP001319,Male,Yes,2,Not Graduate,No,32730,18200,8100,360,1,Urban,Y
LP001322,Male,No,0,Graduate,No,41330,0,12200,360,1,Semiurban,Y
LP001325,Male,No,0,Not Graduate,No,36200,0,2500,120,1,Semiurban,Y
LP001326,Male,No,0,Graduate,,67820,0,,360,,Urban,N
LP001327,Female,Yes,0,Graduate,No,24840,23020,13700,360,1,Semiurban,Y
LP001333,Male,Yes,0,Graduate,No,19770,9970,5000,360,1,Semiurban,Y
LP001334,Male,Yes,0,Not Graduate,No,41880,0,11500,180,1,Semiurban,Y
LP001343,Male,Yes,0,Graduate,No,17590,35410,13100,360,1,Semiurban,Y
LP001345,Male,Yes,2,Not Graduate,No,42880,32630,13300,180,1,Urban,Y
LP001349,Male,No,0,Graduate,No,48430,38060,15100,360,1,Semiurban,Y
LP001350,Male,Yes,,Graduate,No,136500,0,,360,1,Urban,Y
LP001356,Male,Yes,0,Graduate,No,46520,35830,,360,1,Semiurban,Y
LP001357,Male,,,Graduate,No,38160,7540,16000,360,1,Urban,Y
LP001367,Male,Yes,1,Graduate,No,30520,10300,10000,360,1,Urban,Y
LP001369,Male,Yes,2,Graduate,No,114170,11260,22500,360,1,Urban,Y
LP001370,Male,No,0,Not Graduate,,73330,0,12000,360,1,Rural,N
LP001379,Male,Yes,2,Graduate,No,38000,36000,21600,360,0,Urban,N
LP001384,Male,Yes,3+,Not Graduate,No,20710,7540,9400,480,1,Semiurban,Y
LP001385,Male,No,0,Graduate,No,53160,0,13600,360,1,Urban,Y
LP001387,Female,Yes,0,Graduate,,29290,23330,13900,360,1,Semiurban,Y
LP001391,Male,Yes,0,Not Graduate,No,35720,41140,15200,,0,Rural,N
LP001392,Female,No,1,Graduate,Yes,74510,0,,360,1,Semiurban,Y
LP001398,Male,No,0,Graduate,,50500,0,11800,360,1,Semiurban,Y
LP001401,Male,Yes,1,Graduate,No,145830,0,18500,180,1,Rural,Y
LP001404,Female,Yes,0,Graduate,No,31670,22830,15400,360,1,Semiurban,Y
LP001405,Male,Yes,1,Graduate,No,22140,13980,8500,360,,Urban,Y
LP001421,Male,Yes,0,Graduate,No,55680,21420,17500,360,1,Rural,N
LP001422,Female,No,0,Graduate,No,104080,0,25900,360,1,Urban,Y
LP001426,Male,Yes,,Graduate,No,56670,26670,18000,360,1,Rural,Y
LP001430,Female,No,0,Graduate,No,41660,0,4400,360,1,Semiurban,Y
LP001431,Female,No,0,Graduate,No,21370,89800,13700,360,0,Semiurban,Y
LP001432,Male,Yes,2,Graduate,No,29570,0,8100,360,1,Semiurban,Y
LP001439,Male,Yes,0,Not Graduate,No,43000,20140,19400,360,1,Rural,Y
LP001443,Female,No,0,Graduate,No,36920,0,9300,360,,Rural,Y
LP001448,,Yes,3+,Graduate,No,238030,0,37000,360,1,Rural,Y
LP001449,Male,No,0,Graduate,No,38650,16400,,360,1,Rural,Y
LP001451,Male,Yes,1,Graduate,Yes,105130,38500,16000,180,0,Urban,N
LP001465,Male,Yes,0,Graduate,No,60800,25690,18200,360,,Rural,N
LP001469,Male,No,0,Graduate,Yes,201660,0,65000,480,,Urban,Y
LP001473,Male,No,0,Graduate,No,20140,19290,7400,360,1,Urban,Y
LP001478,Male,No,0,Graduate,No,27180,0,7000,360,1,Semiurban,Y
LP001482,Male,Yes,0,Graduate,Yes,34590,0,2500,120,1,Semiurban,Y
LP001487,Male,No,0,Graduate,No,48950,0,10200,360,1,Semiurban,Y
LP001488,Male,Yes,3+,Graduate,No,40000,77500,29000,360,1,Semiurban,N
LP001489,Female,Yes,0,Graduate,No,45830,0,8400,360,1,Rural,N
LP001491,Male,Yes,2,Graduate,Yes,33160,35000,8800,360,1,Urban,Y
LP001492,Male,No,0,Graduate,No,149990,0,24200,360,0,Semiurban,N
LP001493,Male,Yes,2,Not Graduate,No,42000,14300,12900,360,1,Rural,N
LP001497,Male,Yes,2,Graduate,No,50420,20830,18500,360,1,Rural,N
LP001498,Male,No,0,Graduate,No,54170,0,16800,360,1,Urban,Y
LP001504,Male,No,0,Graduate,Yes,69500,0,17500,180,1,Semiurban,Y
LP001507,Male,Yes,0,Graduate,No,26980,20340,12200,360,1,Semiurban,Y
LP001508,Male,Yes,2,Graduate,No,117570,0,18700,180,1,Urban,Y
LP001514,Female,Yes,0,Graduate,No,23300,44860,10000,360,1,Semiurban,Y
LP001516,Female,Yes,2,Graduate,No,148660,0,7000,360,1,Urban,Y
LP001518,Male,Yes,1,Graduate,No,15380,14250,3000,360,1,Urban,Y
LP001519,Female,No,0,Graduate,No,100000,16660,22500,360,1,Rural,N
LP001520,Male,Yes,0,Graduate,No,48600,8300,12500,360,1,Semiurban,Y
LP001528,Male,No,0,Graduate,No,62770,0,11800,360,0,Rural,N
LP001529,Male,Yes,0,Graduate,Yes,25770,37500,15200,360,1,Rural,Y
LP001531,Male,No,0,Graduate,No,91660,0,24400,360,1,Urban,N
LP001532,Male,Yes,2,Not Graduate,No,22810,0,11300,360,1,Rural,N
LP001535,Male,No,0,Graduate,No,32540,0,5000,360,1,Urban,Y
LP001536,Male,Yes,3+,Graduate,No,399990,0,60000,180,0,Semiurban,Y
LP001541,Male,Yes,1,Graduate,No,60000,0,16000,360,,Rural,Y
LP001543,Male,Yes,1,Graduate,No,95380,0,18700,360,1,Urban,Y
LP001546,Male,No,0,Graduate,,29800,20830,12000,360,1,Rural,Y
LP001552,Male,Yes,0,Graduate,No,45830,56250,25500,360,1,Semiurban,Y
LP001560,Male,Yes,0,Not Graduate,No,18630,10410,9800,360,1,Semiurban,Y
LP001562,Male,Yes,0,Graduate,No,79330,0,27500,360,1,Urban,N
LP001565,Male,Yes,1,Graduate,No,30890,12800,12100,360,0,Semiurban,N
LP001570,Male,Yes,2,Graduate,No,41670,14470,15800,360,1,Rural,Y
LP001572,Male,Yes,0,Graduate,No,93230,0,7500,180,1,Urban,Y
LP001574,Male,Yes,0,Graduate,No,37070,31660,18200,,1,Rural,Y
LP001577,Female,Yes,0,Graduate,No,45830,0,11200,360,1,Rural,N
LP001578,Male,Yes,0,Graduate,No,24390,33330,12900,360,1,Rural,Y
LP001579,Male,No,0,Graduate,No,22370,0,6300,480,0,Semiurban,N
LP001580,Male,Yes,2,Graduate,No,80000,0,20000,360,1,Semiurban,Y
LP001581,Male,Yes,0,Not Graduate,,18200,17690,9500,360,1,Rural,Y
LP001585,,Yes,3+,Graduate,No,517630,0,70000,300,1,Urban,Y
LP001586,Male,Yes,3+,Not Graduate,No,35220,0,8100,180,1,Rural,N
LP001594,Male,Yes,0,Graduate,No,57080,56250,18700,360,1,Semiurban,Y
LP001603,Male,Yes,0,Not Graduate,Yes,43440,7360,8700,360,1,Semiurban,N
LP001606,Male,Yes,0,Graduate,No,34970,19640,11600,360,1,Rural,Y
LP001608,Male,Yes,2,Graduate,No,20450,16190,10100,360,1,Rural,Y
LP001610,Male,Yes,3+,Graduate,No,55160,113000,49500,360,0,Semiurban,N
LP001616,Male,Yes,1,Graduate,No,37500,0,11600,360,1,Semiurban,Y
LP001630,Male,No,0,Not Graduate,No,23330,14510,10200,480,0,Urban,N
LP001633,Male,Yes,1,Graduate,No,64000,72500,18000,360,0,Urban,N
LP001634,Male,No,0,Graduate,No,19160,50630,6700,360,,Rural,N
LP001636,Male,Yes,0,Graduate,No,46000,0,7300,180,1,Semiurban,Y
LP001637,Male,Yes,1,Graduate,No,338460,0,26000,360,1,Semiurban,N
LP001639,Female,Yes,0,Graduate,No,36250,0,10800,360,1,Semiurban,Y
LP001640,Male,Yes,0,Graduate,Yes,391470,47500,12000,360,1,Semiurban,Y
LP001641,Male,Yes,1,Graduate,Yes,21780,0,6600,300,0,Rural,N
LP001643,Male,Yes,0,Graduate,No,23830,21380,5800,360,,Rural,Y
LP001644,,Yes,0,Graduate,Yes,6740,52960,16800,360,1,Rural,Y
LP001647,Male,Yes,0,Graduate,No,93280,0,18800,180,1,Rural,Y
LP001653,Male,No,0,Not Graduate,No,48850,0,4800,360,1,Rural,Y
LP001656,Male,No,0,Graduate,No,120000,0,16400,360,1,Semiurban,N
LP001657,Male,Yes,0,Not Graduate,No,60330,0,16000,360,1,Urban,N
LP001658,Male,No,0,Graduate,No,38580,0,7600,360,1,Semiurban,Y
LP001664,Male,No,0,Graduate,No,41910,0,12000,360,1,Rural,Y
LP001665,Male,Yes,1,Graduate,No,31250,25830,17000,360,1,Semiurban,N
LP001666,Male,No,0,Graduate,No,83330,37500,18700,360,1,Rural,Y
LP001669,Female,No,0,Not Graduate,No,19070,23650,12000,,1,Urban,Y
LP001671,Female,Yes,0,Graduate,No,34160,28160,11300,360,,Semiurban,Y
LP001673,Male,No,0,Graduate,Yes,110000,0,8300,360,1,Urban,N
LP001674,Male,Yes,1,Not Graduate,No,26000,25000,9000,360,1,Semiurban,Y
LP001677,Male,No,2,Graduate,No,49230,0,16600,360,0,Semiurban,Y
LP001682,Male,Yes,3+,Not Graduate,No,39920,0,,180,1,Urban,N
LP001688,Male,Yes,1,Not Graduate,No,35000,10830,13500,360,1,Urban,Y
LP001691,Male,Yes,2,Not Graduate,No,39170,0,12400,360,1,Semiurban,Y
LP001692,Female,No,0,Not Graduate,No,44080,0,12000,360,1,Semiurban,Y
LP001693,Female,No,0,Graduate,No,32440,0,8000,360,1,Urban,Y
LP001698,Male,No,0,Not Graduate,No,39750,25310,5500,360,1,Rural,Y
LP001699,Male,No,0,Graduate,No,24790,0,5900,360,1,Urban,Y
LP001702,Male,No,0,Graduate,No,34180,0,12700,360,1,Semiurban,N
LP001708,Female,No,0,Graduate,No,100000,0,21400,360,1,Semiurban,N
LP001711,Male,Yes,3+,Graduate,No,34300,12500,12800,360,0,Semiurban,N
LP001713,Male,Yes,1,Graduate,Yes,77870,0,24000,360,1,Urban,Y
LP001715,Male,Yes,3+,Not Graduate,Yes,57030,0,13000,360,1,Rural,Y
LP001716,Male,Yes,0,Graduate,No,31730,30210,13700,360,1,Urban,Y
LP001720,Male,Yes,3+,Not Graduate,No,38500,9830,10000,360,1,Semiurban,Y
LP001722,Male,Yes,0,Graduate,No,1500,18000,13500,360,1,Rural,N
LP001726,Male,Yes,0,Graduate,No,37270,17750,13100,360,1,Semiurban,Y
LP001732,Male,Yes,2,Graduate,,50000,0,7200,360,0,Semiurban,N
LP001734,Female,Yes,2,Graduate,No,42830,23830,12700,360,,Semiurban,Y
LP001736,Male,Yes,0,Graduate,No,22210,0,6000,360,0,Urban,N
LP001743,Male,Yes,2,Graduate,No,40090,17170,11600,360,1,Semiurban,Y
LP001744,Male,No,0,Graduate,No,29710,27910,14400,360,1,Semiurban,Y
LP001749,Male,Yes,0,Graduate,No,75780,10100,17500,,1,Semiurban,Y
LP001750,Male,Yes,0,Graduate,No,62500,0,12800,360,1,Semiurban,Y
LP001751,Male,Yes,0,Graduate,No,32500,0,17000,360,1,Rural,N
LP001754,Male,Yes,,Not Graduate,Yes,47350,0,13800,360,1,Urban,N
LP001758,Male,Yes,2,Graduate,No,62500,16950,21000,360,1,Semiurban,Y
LP001760,Male,,,Graduate,No,47580,0,15800,480,1,Semiurban,Y
LP001761,Male,No,0,Graduate,Yes,64000,0,20000,360,1,Rural,Y
LP001765,Male,Yes,1,Graduate,No,24910,20540,10400,360,1,Semiurban,Y
LP001768,Male,Yes,0,Graduate,,37160,0,4200,180,1,Rural,Y
LP001770,Male,No,0,Not Graduate,No,31890,25980,12000,,1,Rural,Y
LP001776,Female,No,0,Graduate,No,83330,0,28000,360,1,Semiurban,Y
LP001778,Male,Yes,1,Graduate,No,31550,17790,14000,360,1,Semiurban,Y
LP001784,Male,Yes,1,Graduate,No,55000,12600,17000,360,1,Rural,Y
LP001786,Male,Yes,0,Graduate,,57460,0,25500,360,,Urban,N
LP001788,Female,No,0,Graduate,Yes,34630,0,12200,360,,Urban,Y
LP001790,Female,No,1,Graduate,No,38120,0,11200,360,1,Rural,Y
LP001792,Male,Yes,1,Graduate,No,33150,0,9600,360,1,Semiurban,Y
LP001798,Male,Yes,2,Graduate,No,58190,50000,12000,360,1,Rural,Y
LP001800,Male,Yes,1,Not Graduate,No,25100,19830,14000,180,1,Urban,N
LP001806,Male,No,0,Graduate,No,29650,57010,15500,60,1,Urban,Y
LP001807,Male,Yes,2,Graduate,Yes,62500,13000,10800,360,1,Rural,Y
LP001811,Male,Yes,0,Not Graduate,No,34060,44170,12300,360,1,Semiurban,Y
LP001813,Male,No,0,Graduate,Yes,60500,43330,12000,180,1,Urban,N
LP001814,Male,Yes,2,Graduate,No,97030,0,11200,360,1,Urban,Y
LP001819,Male,Yes,1,Not Graduate,No,66080,0,13700,180,1,Urban,Y
LP001824,Male,Yes,1,Graduate,No,28820,18430,12300,480,1,Semiurban,Y
LP001825,Male,Yes,0,Graduate,No,18090,18680,9000,360,1,Urban,Y
LP001835,Male,Yes,0,Not Graduate,No,16680,38900,20100,360,0,Semiurban,N
LP001836,Female,No,2,Graduate,No,34270,0,13800,360,1,Urban,N
LP001841,Male,No,0,Not Graduate,Yes,25830,21670,10400,360,1,Rural,Y
LP001843,Male,Yes,1,Not Graduate,No,26610,71010,27900,180,1,Semiurban,Y
LP001844,Male,No,0,Graduate,Yes,162500,0,19200,360,0,Urban,N
LP001846,Female,No,3+,Graduate,No,30830,0,25500,360,1,Rural,Y
LP001849,Male,No,0,Not Graduate,No,60450,0,11500,360,0,Rural,N
LP001854,Male,Yes,3+,Graduate,No,52500,0,9400,360,1,Urban,N
LP001859,Male,Yes,0,Graduate,No,146830,21000,30400,360,1,Rural,N
LP001864,Male,Yes,3+,Not Graduate,No,49310,0,12800,360,,Semiurban,N
LP001865,Male,Yes,1,Graduate,No,60830,42500,33000,360,,Urban,Y
LP001868,Male,No,0,Graduate,No,20600,22090,13400,360,1,Semiurban,Y
LP001870,Female,No,1,Graduate,No,34810,0,15500,36,1,Semiurban,N
LP001871,Female,No,0,Graduate,No,72000,0,12000,360,1,Rural,Y
LP001872,Male,No,0,Graduate,Yes,51660,0,12800,360,1,Semiurban,Y
LP001875,Male,No,0,Graduate,No,40950,34470,15100,360,1,Rural,Y
LP001877,Male,Yes,2,Graduate,No,47080,13870,15000,360,1,Semiurban,Y
LP001882,Male,Yes,3+,Graduate,No,43330,18110,16000,360,0,Urban,Y
LP001883,Female,No,0,Graduate,,34180,0,13500,360,1,Rural,N
LP001884,Female,No,1,Graduate,No,28760,15600,9000,360,1,Urban,Y
LP001888,Female,No,0,Graduate,No,32370,0,3000,360,1,Urban,Y
LP001891,Male,Yes,0,Graduate,No,111460,0,13600,360,1,Urban,Y
LP001892,Male,No,0,Graduate,No,28330,18570,12600,360,1,Rural,Y
LP001894,Male,Yes,0,Graduate,No,26200,22230,15000,360,1,Semiurban,Y
LP001896,Male,Yes,2,Graduate,No,39000,0,9000,360,1,Semiurban,Y
LP001900,Male,Yes,1,Graduate,No,27500,18420,11500,360,1,Semiurban,Y
LP001903,Male,Yes,0,Graduate,No,39930,32740,20700,360,1,Semiurban,Y
LP001904,Male,Yes,0,Graduate,No,31030,13000,8000,360,1,Urban,Y
LP001907,Male,Yes,0,Graduate,No,145830,0,43600,360,1,Semiurban,Y
LP001908,Female,Yes,0,Not Graduate,No,41000,0,12400,360,,Rural,Y
LP001910,Male,No,1,Not Graduate,Yes,40530,24260,15800,360,0,Urban,N
LP001914,Male,Yes,0,Graduate,No,39270,8000,11200,360,1,Semiurban,Y
LP001915,Male,Yes,2,Graduate,No,23010,9857.999878,7800,180,1,Urban,Y
LP001917,Female,No,0,Graduate,No,18110,16660,5400,360,1,Urban,Y
LP001922,Male,Yes,0,Graduate,No,206670,0,,360,1,Rural,N
LP001924,Male,No,0,Graduate,No,31580,30530,8900,360,1,Rural,Y
LP001925,Female,No,0,Graduate,Yes,26000,17170,9900,300,1,Semiurban,N
LP001926,Male,Yes,0,Graduate,No,37040,20000,12000,360,1,Rural,Y
LP001931,Female,No,0,Graduate,No,41240,0,11500,360,1,Semiurban,Y
LP001935,Male,No,0,Graduate,No,95080,0,18700,360,1,Rural,Y
LP001936,Male,Yes,0,Graduate,No,30750,24160,13900,360,1,Rural,Y
LP001938,Male,Yes,2,Graduate,No,44000,0,12700,360,0,Semiurban,N
LP001940,Male,Yes,2,Graduate,No,31530,15600,13400,360,1,Urban,Y
LP001945,Female,No,,Graduate,No,54170,0,14300,480,0,Urban,N
LP001947,Male,Yes,0,Graduate,No,23830,33340,17200,360,1,Semiurban,Y
LP001949,Male,Yes,3+,Graduate,,44160,12500,11000,360,1,Urban,Y
LP001953,Male,Yes,1,Graduate,No,68750,0,20000,360,1,Semiurban,Y
LP001954,Female,Yes,1,Graduate,No,46660,0,13500,360,1,Urban,Y
LP001955,Female,No,0,Graduate,No,50000,25410,15100,480,1,Rural,N
LP001963,Male,Yes,1,Graduate,No,20140,29250,11300,360,1,Urban,N
LP001964,Male,Yes,0,Not Graduate,No,18000,29340,9300,360,0,Urban,N
LP001972,Male,Yes,,Not Graduate,No,28750,17500,10500,360,1,Semiurban,Y
LP001974,Female,No,0,Graduate,No,50000,0,13200,360,1,Rural,Y
LP001977,Male,Yes,1,Graduate,No,16250,18030,9600,360,1,Urban,Y
LP001978,Male,No,0,Graduate,No,40000,25000,14000,360,1,Rural,Y
LP001990,Male,No,0,Not Graduate,No,20000,0,,360,1,Urban,N
LP001993,Female,No,0,Graduate,No,37620,16660,13500,360,1,Rural,Y
LP001994,Female,No,0,Graduate,No,24000,18630,10400,360,0,Urban,N
LP001996,Male,No,0,Graduate,No,202330,0,48000,360,1,Rural,N
LP001998,Male,Yes,2,Not Graduate,No,76670,0,18500,360,,Rural,Y
LP002002,Female,No,0,Graduate,No,29170,0,8400,360,1,Semiurban,Y
LP002004,Male,No,0,Not Graduate,No,29270,24050,11100,360,1,Semiurban,Y
LP002006,Female,No,0,Graduate,No,25070,0,5600,360,1,Rural,Y
LP002008,Male,Yes,2,Graduate,Yes,57460,0,14400,84,,Rural,Y
LP002024,,Yes,0,Graduate,No,24730,18430,15900,360,1,Rural,N
LP002031,Male,Yes,1,Not Graduate,No,33990,16400,11100,180,1,Urban,Y
LP002035,Male,Yes,2,Graduate,No,37170,0,12000,360,1,Semiurban,Y
LP002036,Male,Yes,0,Graduate,No,20580,21340,8800,360,,Urban,Y
LP002043,Female,No,1,Graduate,No,35410,0,11200,360,,Semiurban,Y
LP002050,Male,Yes,1,Graduate,Yes,100000,0,15500,360,1,Rural,N
LP002051,Male,Yes,0,Graduate,No,24000,21670,11500,360,1,Semiurban,Y
LP002053,Male,Yes,3+,Graduate,No,43420,1890,12400,360,1,Semiurban,Y
LP002054,Male,Yes,2,Not Graduate,No,36010,15900,,360,1,Rural,Y
LP002055,Female,No,0,Graduate,No,31660,29850,13200,360,,Rural,Y
LP002065,Male,Yes,3+,Graduate,No,150000,0,30000,360,1,Rural,Y
LP002067,Male,Yes,1,Graduate,Yes,86660,49830,37600,360,0,Rural,N
LP002068,Male,No,0,Graduate,No,49170,0,13000,360,0,Rural,Y
LP002082,Male,Yes,0,Graduate,Yes,58180,21600,18400,360,1,Semiurban,Y
LP002086,Female,Yes,0,Graduate,No,43330,24510,11000,360,1,Urban,N
LP002087,Female,No,0,Graduate,No,25000,0,6700,360,1,Urban,Y
LP002097,Male,No,1,Graduate,No,43840,17930,11700,360,1,Urban,Y
LP002098,Male,No,0,Graduate,No,29350,0,9800,360,1,Semiurban,Y
LP002100,Male,No,,Graduate,No,28330,0,7100,360,1,Urban,Y
LP002101,Male,Yes,0,Graduate,,633370,0,49000,180,1,Urban,Y
LP002103,,Yes,1,Graduate,Yes,98330,18330,18200,180,1,Urban,Y
LP002106,Male,Yes,,Graduate,Yes,55030,44900,7000,,1,Semiurban,Y
LP002110,Male,Yes,1,Graduate,,52500,6880,16000,360,1,Rural,Y
LP002112,Male,Yes,2,Graduate,Yes,25000,46000,17600,360,1,Rural,Y
LP002113,Female,No,3+,Not Graduate,No,18300,0,,360,0,Urban,N
LP002114,Female,No,0,Graduate,No,41600,0,7100,360,1,Semiurban,Y
LP002115,Male,Yes,3+,Not Graduate,No,26470,15870,17300,360,1,Rural,N
LP002116,Female,No,0,Graduate,No,23780,0,4600,360,1,Rural,N
LP002119,Male,Yes,1,Not Graduate,No,45540,12290,15800,360,1,Urban,Y
LP002126,Male,Yes,3+,Not Graduate,No,31730,0,7400,360,1,Semiurban,Y
LP002128,Male,Yes,2,Graduate,,25830,23300,12500,360,1,Rural,Y
LP002129,Male,Yes,0,Graduate,No,24990,24580,16000,360,1,Semiurban,Y
LP002130,Male,Yes,,Not Graduate,No,35230,32300,15200,360,0,Rural,N
LP002131,Male,Yes,2,Not Graduate,No,30830,21680,12600,360,1,Urban,Y
LP002137,Male,Yes,0,Graduate,No,63330,45830,25900,360,,Semiurban,Y
LP002138,Male,Yes,0,Graduate,No,26250,62500,18700,360,1,Rural,Y
LP002139,Male,Yes,0,Graduate,No,90830,0,22800,360,1,Semiurban,Y
LP002140,Male,No,0,Graduate,No,87500,41670,30800,360,1,Rural,N
LP002141,Male,Yes,3+,Graduate,No,26660,20830,9500,360,1,Rural,Y
LP002142,Female,Yes,0,Graduate,Yes,55000,0,10500,360,0,Rural,N
LP002143,Female,Yes,0,Graduate,No,24230,5050,13000,360,1,Semiurban,Y
LP002144,Female,No,,Graduate,No,38130,0,11600,180,1,Urban,Y
LP002149,Male,Yes,2,Graduate,No,83330,31670,16500,360,1,Rural,Y
LP002151,Male,Yes,1,Graduate,No,38750,0,6700,360,1,Urban,N
LP002158,Male,Yes,0,Not Graduate,No,30000,16660,10000,480,0,Urban,N
LP002160,Male,Yes,3+,Graduate,No,51670,31670,20000,360,1,Semiurban,Y
LP002161,Female,No,1,Graduate,No,47230,0,8100,360,1,Semiurban,N
LP002170,Male,Yes,2,Graduate,No,50000,36670,23600,360,1,Semiurban,Y
LP002175,Male,Yes,0,Graduate,No,47500,23330,13000,360,1,Urban,Y
LP002178,Male,Yes,0,Graduate,No,30130,30330,9500,300,,Urban,Y
LP002180,Male,No,0,Graduate,Yes,68220,0,14100,360,1,Rural,Y
LP002181,Male,No,0,Not Graduate,No,62160,0,13300,360,1,Rural,N
LP002187,Male,No,0,Graduate,No,25000,0,9600,480,1,Semiurban,N
LP002188,Male,No,0,Graduate,No,51240,0,12400,,0,Rural,N
LP002190,Male,Yes,1,Graduate,No,63250,0,17500,360,1,Semiurban,Y
LP002191,Male,Yes,0,Graduate,No,197300,52660,57000,360,1,Rural,N
LP002194,Female,No,0,Graduate,Yes,157590,0,5500,360,1,Semiurban,Y
LP002197,Male,Yes,2,Graduate,No,51850,0,15500,360,1,Semiurban,Y
LP002201,Male,Yes,2,Graduate,Yes,93230,78730,38000,300,1,Rural,Y
LP002205,Male,No,1,Graduate,No,30620,19870,11100,180,0,Urban,N
LP002209,Female,No,0,Graduate,,27640,14590,11000,360,1,Urban,Y
LP002211,Male,Yes,0,Graduate,No,48170,9230,12000,180,1,Urban,Y
LP002219,Male,Yes,3+,Graduate,No,87500,49960,13000,360,1,Rural,Y
LP002223,Male,Yes,0,Graduate,No,43100,0,13000,360,,Semiurban,Y
LP002224,Male,No,0,Graduate,No,30690,0,7100,480,1,Urban,N
LP002225,Male,Yes,2,Graduate,No,53910,0,13000,360,1,Urban,Y
LP002226,Male,Yes,0,Graduate,,33330,25000,12800,360,1,Semiurban,Y
LP002229,Male,No,0,Graduate,No,59410,42320,29600,360,1,Semiurban,Y
LP002231,Female,No,0,Graduate,No,60000,0,15600,360,1,Urban,Y
LP002234,Male,No,0,Graduate,Yes,71670,0,12800,360,1,Urban,Y
LP002236,Male,Yes,2,Graduate,No,45660,0,10000,360,1,Urban,N
LP002237,Male,No,1,Graduate,,36670,0,11300,180,1,Urban,Y
LP002239,Male,No,0,Not Graduate,No,23460,16000,13200,360,1,Semiurban,Y
LP002243,Male,Yes,0,Not Graduate,No,30100,31360,,360,0,Urban,N
LP002244,Male,Yes,0,Graduate,No,23330,24170,13600,360,1,Urban,Y
LP002250,Male,Yes,0,Graduate,No,54880,0,12500,360,1,Rural,Y
LP002255,Male,No,3+,Graduate,No,91670,0,18500,360,1,Rural,Y
LP002262,Male,Yes,3+,Graduate,No,95040,0,27500,360,1,Rural,Y
LP002263,Male,Yes,0,Graduate,No,25830,21150,12000,360,,Urban,Y
LP002265,Male,Yes,2,Not Graduate,No,19930,16250,11300,180,1,Semiurban,Y
LP002266,Male,Yes,2,Graduate,No,31000,14000,11300,360,1,Urban,Y
LP002272,Male,Yes,2,Graduate,No,32760,4840,13500,360,,Semiurban,Y
LP002277,Female,No,0,Graduate,No,31800,0,7100,360,0,Urban,N
LP002281,Male,Yes,0,Graduate,No,30330,14590,9500,360,1,Urban,Y
LP002284,Male,No,0,Not Graduate,No,39020,16660,10900,360,1,Rural,Y
LP002287,Female,No,0,Graduate,No,15000,18000,10300,360,0,Semiurban,N
LP002288,Male,Yes,2,Not Graduate,No,28890,0,4500,180,0,Urban,N
LP002296,Male,No,0,Not Graduate,No,27550,0,6500,300,1,Rural,N
LP002297,Male,No,0,Graduate,No,25000,200000,10300,360,1,Semiurban,Y
LP002300,Female,No,0,Not Graduate,No,19630,0,5300,360,1,Semiurban,Y
LP002301,Female,No,0,Graduate,Yes,74410,0,19400,360,1,Rural,N
LP002305,Female,No,0,Graduate,No,45470,0,11500,360,1,Semiurban,Y
LP002308,Male,Yes,0,Not Graduate,No,21670,24000,11500,360,1,Urban,Y
LP002314,Female,No,0,Not Graduate,No,22130,0,6600,360,1,Rural,Y
LP002315,Male,Yes,1,Graduate,No,83000,0,15200,300,0,Semiurban,N
LP002317,Male,Yes,3+,Graduate,No,810000,0,36000,360,0,Rural,N
LP002318,Female,No,1,Not Graduate,Yes,38670,0,6200,360,1,Semiurban,N
LP002319,Male,Yes,0,Graduate,,62560,0,16000,360,,Urban,Y
LP002328,Male,Yes,0,Not Graduate,No,60960,0,21800,360,0,Rural,N
LP002332,Male,Yes,0,Not Graduate,No,22530,20330,11000,360,1,Rural,Y
LP002335,Female,Yes,0,Not Graduate,No,21490,32370,17800,360,0,Semiurban,N
LP002337,Female,No,0,Graduate,No,29950,0,6000,360,1,Urban,Y
LP002341,Female,No,1,Graduate,No,26000,0,16000,360,1,Urban,N
LP002342,Male,Yes,2,Graduate,Yes,16000,200000,23900,360,1,Urban,N
LP002345,Male,Yes,0,Graduate,No,10250,27730,11200,360,1,Rural,Y
LP002347,Male,Yes,0,Graduate,No,32460,14170,13800,360,1,Semiurban,Y
LP002348,Male,Yes,0,Graduate,No,58290,0,13800,360,1,Rural,Y
LP002357,Female,No,0,Not Graduate,No,27200,0,8000,,0,Urban,N
LP002361,Male,Yes,0,Graduate,No,18200,17190,10000,360,1,Urban,Y
LP002362,Male,Yes,1,Graduate,No,72500,16670,11000,,0,Urban,N
LP002364,Male,Yes,0,Graduate,No,148800,0,9600,360,1,Semiurban,Y
LP002366,Male,Yes,0,Graduate,No,26660,43000,12100,360,1,Rural,Y
LP002367,Female,No,1,Not Graduate,No,46060,0,8100,360,1,Rural,N
LP002368,Male,Yes,2,Graduate,No,59350,0,13300,360,1,Semiurban,Y
LP002369,Male,Yes,0,Graduate,No,29200,161.2000084,8700,360,1,Rural,Y
LP002370,Male,No,0,Not Graduate,No,27170,0,6000,180,1,Urban,Y
LP002377,Female,No,1,Graduate,Yes,86240,0,15000,360,1,Semiurban,Y
LP002379,Male,No,0,Graduate,No,65000,0,10500,360,0,Rural,N
LP002386,Male,No,0,Graduate,,128760,0,40500,360,1,Semiurban,Y
LP002387,Male,Yes,0,Graduate,No,24250,23400,14300,360,1,Semiurban,Y
LP002390,Male,No,0,Graduate,No,37500,0,10000,360,1,Urban,Y
LP002393,Female,,,Graduate,No,100470,0,,240,1,Semiurban,Y
LP002398,Male,No,0,Graduate,No,19260,18510,5000,360,1,Semiurban,Y
LP002401,Male,Yes,0,Graduate,No,22130,11250,,360,1,Urban,Y
LP002403,Male,No,0,Graduate,Yes,104160,0,18700,360,0,Urban,N
LP002407,Female,Yes,0,Not Graduate,Yes,71420,0,13800,360,1,Rural,Y
LP002408,Male,No,0,Graduate,No,36600,50640,18700,360,1,Semiurban,Y
LP002409,Male,Yes,0,Graduate,No,79010,18330,18000,360,1,Rural,Y
LP002418,Male,No,3+,Not Graduate,No,47070,19930,14800,360,1,Semiurban,Y
LP002422,Male,No,1,Graduate,No,377190,0,15200,360,1,Semiurban,Y
LP002424,Male,Yes,0,Graduate,No,73330,83330,17500,300,,Rural,Y
LP002429,Male,Yes,1,Graduate,Yes,34660,12100,13000,360,1,Rural,Y
LP002434,Male,Yes,2,Not Graduate,No,46520,0,11000,360,1,Rural,Y
LP002435,Male,Yes,0,Graduate,,35390,13760,5500,360,1,Rural,N
LP002443,Male,Yes,2,Graduate,No,33400,17100,15000,360,0,Rural,N
LP002444,Male,No,1,Not Graduate,Yes,27690,15420,19000,360,,Semiurban,N
LP002446,Male,Yes,2,Not Graduate,No,23090,12550,12500,360,0,Rural,N
LP002447,Male,Yes,2,Not Graduate,No,19580,14560,6000,300,,Urban,Y
LP002448,Male,Yes,0,Graduate,No,39480,17330,14900,360,0,Rural,N
LP002449,Male,Yes,0,Graduate,No,24830,24660,9000,180,0,Rural,Y
LP002453,Male,No,0,Graduate,Yes,70850,0,8400,360,1,Semiurban,Y
LP002455,Male,Yes,2,Graduate,No,38590,0,9600,360,1,Semiurban,Y
LP002459,Male,Yes,0,Graduate,No,43010,0,11800,360,1,Urban,Y
LP002467,Male,Yes,0,Graduate,No,37080,25690,17300,360,1,Urban,N
LP002472,Male,No,2,Graduate,No,43540,0,13600,360,1,Rural,Y
LP002473,Male,Yes,0,Graduate,No,83340,0,16000,360,1,Semiurban,N
LP002478,,Yes,0,Graduate,Yes,20830,40830,16000,360,,Semiurban,Y
LP002484,Male,Yes,3+,Graduate,No,77400,0,12800,180,1,Urban,Y
LP002487,Male,Yes,0,Graduate,No,30150,21880,15300,360,1,Rural,Y
LP002489,Female,No,1,Not Graduate,,51910,0,13200,360,1,Semiurban,Y
LP002493,Male,No,0,Graduate,No,41660,0,9800,360,0,Semiurban,N
LP002494,Male,No,0,Graduate,No,60000,0,14000,360,1,Rural,Y
LP002500,Male,Yes,3+,Not Graduate,No,29470,16640,7000,180,0,Urban,N
LP002501,,Yes,0,Graduate,No,166920,0,11000,360,1,Semiurban,Y
LP002502,Female,Yes,2,Not Graduate,,2100,29170,9800,360,1,Semiurban,Y
LP002505,Male,Yes,0,Graduate,No,43330,24510,11000,360,1,Urban,N
LP002515,Male,Yes,1,Graduate,Yes,34500,20790,16200,360,1,Semiurban,Y
LP002517,Male,Yes,1,Not Graduate,No,26530,15000,11300,180,0,Rural,N
LP002519,Male,Yes,3+,Graduate,No,46910,0,10000,360,1,Semiurban,Y
LP002522,Female,No,0,Graduate,Yes,25000,0,9300,360,,Urban,Y
LP002524,Male,No,2,Graduate,No,55320,46480,16200,360,1,Rural,Y
LP002527,Male,Yes,2,Graduate,Yes,165250,10140,15000,360,1,Rural,Y
LP002529,Male,Yes,2,Graduate,No,67000,17500,23000,300,1,Semiurban,Y
LP002530,,Yes,2,Graduate,No,28730,18720,13200,360,0,Semiurban,N
LP002531,Male,Yes,1,Graduate,Yes,166670,22500,8600,360,1,Semiurban,Y
LP002533,Male,Yes,2,Graduate,No,29470,16030,,360,1,Urban,N
LP002534,Female,No,0,Not Graduate,No,43500,0,15400,360,1,Rural,Y
LP002536,Male,Yes,3+,Not Graduate,No,30950,0,11300,360,1,Rural,Y
LP002537,Male,Yes,0,Graduate,No,20830,31500,12800,360,1,Semiurban,Y
LP002541,Male,Yes,0,Graduate,No,108330,0,23400,360,1,Semiurban,Y
LP002543,Male,Yes,2,Graduate,No,83330,0,24600,360,1,Semiurban,Y
LP002544,Male,Yes,1,Not Graduate,No,19580,24360,13100,360,1,Rural,Y
LP002545,Male,No,2,Graduate,No,35470,0,8000,360,0,Rural,N
LP002547,Male,Yes,1,Graduate,No,183330,0,50000,360,1,Urban,N
LP002555,Male,Yes,2,Graduate,Yes,45830,20830,16000,360,1,Semiurban,Y
LP002556,Male,No,0,Graduate,No,24350,0,7500,360,1,Urban,N
LP002560,Male,No,0,Not Graduate,No,26990,27850,9600,360,,Semiurban,Y
LP002562,Male,Yes,1,Not Graduate,No,53330,11310,18600,360,,Urban,Y
LP002571,Male,No,0,Not Graduate,No,36910,0,11000,360,1,Rural,Y
LP002582,Female,No,0,Not Graduate,Yes,172630,0,22500,360,1,Semiurban,Y
LP002585,Male,Yes,0,Graduate,No,35970,21570,11900,360,0,Rural,N
LP002586,Female,Yes,1,Graduate,No,33260,9130,10500,84,1,Semiurban,Y
LP002587,Male,Yes,0,Not Graduate,No,26000,17000,10700,360,1,Rural,Y
LP002588,Male,Yes,0,Graduate,No,46250,28570,11100,12,,Urban,Y
LP002600,Male,Yes,1,Graduate,Yes,28950,0,9500,360,1,Semiurban,Y
LP002602,Male,No,0,Graduate,No,62830,44160,20900,360,0,Rural,N
LP002603,Female,No,0,Graduate,No,6450,36830,11300,480,1,Rural,Y
LP002606,Female,No,0,Graduate,No,31590,0,10000,360,1,Semiurban,Y
LP002615,Male,Yes,2,Graduate,No,48650,56240,20800,360,1,Semiurban,Y
LP002618,Male,Yes,1,Not Graduate,No,40500,53020,13800,360,,Rural,N
LP002619,Male,Yes,0,Not Graduate,No,38140,14830,12400,300,1,Semiurban,Y
LP002622,Male,Yes,2,Graduate,No,35100,44160,24300,360,1,Rural,Y
LP002624,Male,Yes,0,Graduate,No,208330,66670,48000,360,,Urban,Y
LP002625,,No,0,Graduate,No,35830,0,9600,360,1,Urban,N
LP002626,Male,Yes,0,Graduate,Yes,24790,30130,18800,360,1,Urban,Y
LP002634,Female,No,1,Graduate,No,132620,0,4000,360,1,Urban,Y
LP002637,Male,No,0,Not Graduate,No,35980,12870,10000,360,1,Rural,N
LP002640,Male,Yes,1,Graduate,No,60650,20040,25000,360,1,Semiurban,Y
LP002643,Male,Yes,2,Graduate,No,32830,20350,14800,360,1,Urban,Y
LP002648,Male,Yes,0,Graduate,No,21300,66660,7000,180,1,Semiurban,N
LP002652,Male,No,0,Graduate,No,58150,36660,31100,360,1,Rural,N
LP002659,Male,Yes,3+,Graduate,No,34660,34280,15000,360,1,Rural,Y
LP002670,Female,Yes,2,Graduate,No,20310,16320,11300,480,1,Semiurban,Y
LP002682,Male,Yes,,Not Graduate,No,30740,18000,12300,360,0,Semiurban,N
LP002683,Male,No,0,Graduate,No,46830,19150,18500,360,1,Semiurban,N
LP002684,Female,No,0,Not Graduate,No,34000,0,9500,360,1,Rural,N
LP002689,Male,Yes,2,Not Graduate,No,21920,17420,4500,360,1,Semiurban,Y
LP002690,Male,No,0,Graduate,No,25000,0,5500,360,1,Semiurban,Y
LP002692,Male,Yes,3+,Graduate,Yes,56770,14240,10000,360,1,Rural,Y
LP002693,Male,Yes,2,Graduate,Yes,79480,71660,48000,360,1,Rural,Y
LP002697,Male,No,0,Graduate,No,46800,20870,,360,1,Semiurban,N
LP002699,Male,Yes,2,Graduate,Yes,175000,0,40000,360,1,Rural,Y
LP002705,Male,Yes,0,Graduate,No,37750,0,11000,360,1,Semiurban,Y
LP002706,Male,Yes,1,Not Graduate,No,52850,14300,16100,360,0,Semiurban,Y
LP002714,Male,No,1,Not Graduate,No,26790,13020,9400,360,1,Semiurban,Y
LP002716,Male,No,0,Not Graduate,No,67830,0,13000,360,1,Semiurban,Y
LP002717,Male,Yes,0,Graduate,No,10250,55000,21600,360,,Rural,Y
LP002720,Male,Yes,3+,Graduate,No,42810,0,10000,360,1,Urban,Y
LP002723,Male,No,2,Graduate,No,35880,0,11000,360,0,Rural,N
LP002729,Male,No,1,Graduate,No,112500,0,19600,360,,Semiurban,N
LP002731,Female,No,0,Not Graduate,Yes,181650,0,12500,360,1,Urban,Y
LP002732,Male,No,0,Not Graduate,,25500,20420,12600,360,1,Rural,Y
LP002734,Male,Yes,0,Graduate,No,61330,39060,32400,360,1,Urban,Y
LP002738,Male,No,2,Graduate,No,36170,0,10700,360,1,Semiurban,Y
LP002739,Male,Yes,0,Not Graduate,No,29170,5360,6600,360,1,Rural,N
LP002740,Male,Yes,3+,Graduate,No,64170,0,15700,180,1,Rural,Y
LP002741,Female,Yes,1,Graduate,No,46080,28450,14000,180,1,Semiurban,Y
LP002743,Female,No,0,Graduate,No,21380,0,9900,360,0,Semiurban,N
LP002753,Female,No,1,Graduate,,36520,0,9500,360,1,Semiurban,Y
LP002755,Male,Yes,1,Not Graduate,No,22390,25240,12800,360,1,Urban,Y
LP002757,Female,Yes,0,Not Graduate,No,30170,6630,10200,360,,Semiurban,Y
LP002767,Male,Yes,0,Graduate,No,27680,19500,15500,360,1,Rural,Y
LP002768,Male,No,0,Not Graduate,No,33580,0,8000,36,1,Semiurban,N
LP002772,Male,No,0,Graduate,No,25260,17830,14500,360,1,Rural,Y
LP002776,Female,No,0,Graduate,No,50000,0,10300,360,0,Semiurban,N
LP002777,Male,Yes,0,Graduate,No,27850,20160,11000,360,1,Rural,Y
LP002778,Male,Yes,2,Graduate,Yes,66330,0,,360,0,Rural,N
LP002784,Male,Yes,1,Not Graduate,No,24920,23750,,360,1,Rural,Y
LP002785,Male,Yes,1,Graduate,No,33330,32500,15800,360,1,Urban,Y
LP002788,Male,Yes,0,Not Graduate,No,24540,23330,18100,360,0,Urban,N
LP002789,Male,Yes,0,Graduate,No,35930,42660,13200,180,0,Rural,N
LP002792,Male,Yes,1,Graduate,No,54680,10320,2600,360,1,Semiurban,Y
LP002794,Female,No,0,Graduate,No,26670,16250,8400,360,,Urban,Y
LP002795,Male,Yes,3+,Graduate,Yes,101390,0,26000,360,1,Semiurban,Y
LP002798,Male,Yes,0,Graduate,No,38870,26690,16200,360,1,Semiurban,Y
LP002804,Female,Yes,0,Graduate,No,41800,23060,18200,360,1,Semiurban,Y
LP002807,Male,Yes,2,Not Graduate,No,36750,2420,10800,360,1,Semiurban,Y
LP002813,Female,Yes,1,Graduate,Yes,194840,0,60000,360,1,Semiurban,Y
LP002820,Male,Yes,0,Graduate,No,59230,20540,21100,360,1,Rural,Y
LP002821,Male,No,0,Not Graduate,Yes,58000,0,13200,360,1,Semiurban,Y
LP002832,Male,Yes,2,Graduate,No,87990,0,25800,360,0,Urban,N
LP002833,Male,Yes,0,Not Graduate,No,44670,0,12000,360,,Rural,Y
LP002836,Male,No,0,Graduate,No,33330,0,7000,360,1,Urban,Y
LP002837,Male,Yes,3+,Graduate,No,34000,25000,12300,360,0,Rural,N
LP002840,Female,No,0,Graduate,No,23780,0,900,360,1,Urban,N
LP002841,Male,Yes,0,Graduate,No,31660,20640,10400,360,0,Urban,N
LP002842,Male,Yes,1,Graduate,No,34170,17500,18600,360,1,Urban,Y
LP002847,Male,Yes,,Graduate,No,51160,14510,16500,360,0,Urban,N
LP002855,Male,Yes,2,Graduate,No,166660,0,27500,360,1,Urban,Y
LP002862,Male,Yes,2,Not Graduate,No,61250,16250,18700,480,1,Semiurban,N
LP002863,Male,Yes,3+,Graduate,No,64060,0,15000,360,1,Semiurban,N
LP002868,Male,Yes,2,Graduate,No,31590,4610,10800,84,1,Urban,Y
LP002872,,Yes,0,Graduate,No,30870,22100,13600,360,0,Semiurban,N
LP002874,Male,No,0,Graduate,No,32290,27390,11000,360,1,Urban,Y
LP002877,Male,Yes,1,Graduate,No,17820,22320,10700,360,1,Rural,Y
LP002888,Male,No,0,Graduate,,31820,29170,16100,360,1,Urban,Y
LP002892,Male,Yes,2,Graduate,No,65400,0,20500,360,1,Semiurban,Y
LP002893,Male,No,0,Graduate,No,18360,338370,9000,360,1,Urban,N
LP002894,Female,Yes,0,Graduate,No,31660,0,3600,360,1,Semiurban,Y
LP002898,Male,Yes,1,Graduate,No,18800,0,6100,360,,Rural,N
LP002911,Male,Yes,1,Graduate,No,27870,19170,14600,360,0,Rural,N
LP002912,Male,Yes,1,Graduate,No,42830,30000,17200,84,1,Rural,N
LP002916,Male,Yes,0,Graduate,No,22970,15220,10400,360,1,Urban,Y
LP002917,Female,No,0,Not Graduate,No,21650,0,7000,360,1,Semiurban,Y
LP002925,,No,0,Graduate,No,47500,0,9400,360,1,Semiurban,Y
LP002926,Male,Yes,2,Graduate,Yes,27260,0,10600,360,0,Semiurban,N
LP002928,Male,Yes,0,Graduate,No,30000,34160,5600,180,1,Semiurban,Y
LP002931,Male,Yes,2,Graduate,Yes,60000,0,20500,240,1,Semiurban,N
LP002933,,No,3+,Graduate,Yes,93570,0,29200,360,1,Semiurban,Y
LP002936,Male,Yes,0,Graduate,No,38590,33000,14200,180,1,Rural,Y
LP002938,Male,Yes,0,Graduate,Yes,161200,0,26000,360,1,Urban,Y
LP002940,Male,No,0,Not Graduate,No,38330,0,11000,360,1,Rural,Y
LP002941,Male,Yes,2,Not Graduate,Yes,63830,10000,18700,360,1,Rural,N
LP002943,Male,No,,Graduate,No,29870,0,8800,360,0,Semiurban,N
LP002945,Male,Yes,0,Graduate,Yes,99630,0,18000,360,1,Rural,Y
LP002948,Male,Yes,2,Graduate,No,57800,0,19200,360,1,Urban,Y
LP002949,Female,No,3+,Graduate,,4160,416670,35000,180,,Urban,N
LP002950,Male,Yes,0,Not Graduate,,28940,27920,15500,360,1,Rural,Y
LP002953,Male,Yes,3+,Graduate,No,57030,0,12800,360,1,Urban,Y
LP002958,Male,No,0,Graduate,No,36760,43010,17200,360,1,Rural,Y
LP002959,Female,Yes,1,Graduate,No,120000,0,49600,360,1,Semiurban,Y
LP002960,Male,Yes,0,Not Graduate,No,24000,38000,,180,1,Urban,N
LP002961,Male,Yes,1,Graduate,No,34000,25000,17300,360,1,Semiurban,Y
LP002964,Male,Yes,2,Not Graduate,No,39870,14110,15700,360,1,Rural,Y
LP002974,Male,Yes,0,Graduate,No,32320,19500,10800,360,1,Rural,Y
LP002978,Female,No,0,Graduate,No,29000,0,7100,360,1,Rural,Y
LP002979,Male,Yes,3+,Graduate,No,41060,0,4000,180,1,Rural,Y
LP002983,Male,Yes,1,Graduate,No,80720,2400,25300,360,1,Urban,Y
LP002984,Male,Yes,2,Graduate,No,75830,0,18700,360,1,Urban,Y
LP002990,Female,No,0,Graduate,Yes,45830,0,13300,360,0,Semiurban,N
LP102991,Male,Yes,0,Graduate,No,45520,16641,62100,360,1,Semiurban,Y
LP102992,Male,Yes,1,Not Graduate,No,48720,45089,65400,360,1,Semiurban,Y
LP102993,Female,Yes,2,Graduate,No,116080,0,70000,360,1,Urban,Y
LP102994,Male,Yes,0,Graduate,No,32760,0,70000,360,1,Urban,Y
LP102995,Male,No,0,Graduate,,74100,28654,62400,360,1,Semiurban,Y
LP102996,Female,No,0,Graduate,No,100800,25037,63300,360,1,Rural,Y
LP102997,Male,Yes,,Graduate,No,29550,0,57700,360,1,Rural,N
LP102998,Female,Yes,1,Graduate,No,29520,20905,70000,360,0,Semiurban,N
LP102999,Male,Yes,3+,Not Graduate,No,15390,6423,70000,360,1,Semiurban,N
LP103000,Female,No,2,Graduate,No,95340,9847,70000,360,1,Semiurban,Y
LP103001,Male,Yes,0,Not Graduate,No,41940,10486,70000,360,1,Urban,Y
LP103002,Male,Yes,1,Graduate,No,19280,43563,57900,360,1,Urban,Y
LP103003,Male,Yes,3+,Graduate,No,32890,18828,67800,360,1,Rural,Y
LP103004,Male,Yes,0,Not Graduate,No,19170,13042,70000,360,1,Rural,N
LP103005,Male,Yes,,Not Graduate,,142790,9063,67200,360,1,Semiurban,Y
LP103006,Male,Yes,0,Not Graduate,,43110,12609,70000,360,1,Rural,Y
LP103007,Male,Yes,0,Not Graduate,No,112140,0,62500,360,1,Rural,Y
LP103008,Male,Yes,1,Graduate,Yes,27770,54938,64300,360,1,Rural,Y
LP103009,Male,Yes,,Not Graduate,No,36180,0,66300,480,1,Rural,N
LP103010,,No,0,Not Graduate,No,22620,29617,70000,360,1,Urban,N
LP103011,Male,Yes,1,Graduate,No,64220,20494,56000,360,1,Urban,Y
LP103012,Male,Yes,0,Graduate,Yes,41220,8149,59500,360,1,Rural,Y
LP103013,Male,No,3+,Graduate,No,39780,28160,60300,180,,Rural,Y
LP103014,Female,Yes,2,Graduate,Yes,39320,16868,59000,360,0,Rural,N
LP103015,Male,No,0,Graduate,No,31790,0,70000,360,1,Urban,N
LP103016,Male,No,0,Not Graduate,No,55020,0,64700,360,1,Urban,Y
LP103017,Male,Yes,0,Graduate,No,86740,13714,66100,360,1,Urban,Y
LP103018,Female,No,0,Graduate,No,58580,0,70000,360,0,Urban,N
LP103019,Male,Yes,0,Graduate,No,42490,6278,69200,360,0,Rural,N
LP103020,Male,Yes,0,Not Graduate,No,42120,0,69300,360,0,Semiurban,N
LP103021,Male,Yes,0,Graduate,No,30610,12045,58900,360,1,Semiurban,Y
LP103022,Male,Yes,2,Graduate,No,47940,33563,70000,360,1,Urban,Y
LP103023,Female,Yes,3+,Graduate,No,55360,0,70000,360,1,Semiurban,Y
LP103024,Male,Yes,0,Graduate,No,24950,0,61700,360,1,Rural,Y
LP103025,Male,No,2,Graduate,No,31670,0,67700,360,1,Urban,Y
LP103026,Male,Yes,0,Graduate,No,42260,0,56700,360,1,Urban,Y
LP103027,Male,Yes,0,Graduate,No,56470,0,70000,360,0,Semiurban,N
LP103028,Male,,0,Graduate,No,29340,16174,60200,480,1,Urban,Y
LP103029,Male,Yes,1,Graduate,No,22130,8821,59000,360,1,Semiurban,Y
LP103030,Male,No,0,Graduate,No,52480,40796,70000,360,0,Semiurban,N
LP103031,Male,Yes,0,Graduate,Yes,35240,0,70000,300,1,Rural,Y
LP103032,Female,Yes,0,Graduate,No,57190,22462,62800,360,1,Urban,Y
LP103033,Male,Yes,2,Graduate,No,27230,0,50900,180,,Semiurban,N
LP103034,Male,No,1,Graduate,No,42830,0,69200,360,1,Urban,N
LP103035,Male,Yes,1,Graduate,No,72740,0,61100,360,1,Urban,Y
LP103036,Male,Yes,0,Graduate,No,35820,0,70000,360,1,Semiurban,N
LP103037,Female,Yes,2,Graduate,No,73620,0,70000,360,1,Semiurban,Y
LP103038,Male,Yes,0,Not Graduate,No,11200,29606,68600,360,1,Rural,N
LP103039,,Yes,1,Graduate,No,140760,0,60800,360,1,Semiurban,Y
LP103040,Male,Yes,1,Graduate,No,31820,19104,70000,360,1,Urban,Y
LP103041,Male,No,2,Graduate,No,14880,15848,70000,360,1,Rural,N
LP103042,Male,Yes,0,Graduate,No,42750,43885,70000,360,1,Semiurban,Y
LP103043,Male,No,0,Graduate,Yes,28830,11131,65700,360,1,Urban,Y
LP103044,Male,Yes,3+,Not Graduate,No,29050,0,70000,360,,Urban,N
LP103045,Male,Yes,0,Graduate,No,54960,22023,68200,360,1,Semiurban,Y
LP103046,Male,Yes,0,Graduate,No,97210,24601,69900,360,1,Urban,Y
LP103047,Male,No,,Graduate,No,38030,32331,63700,360,0,Urban,N
LP103048,Female,Yes,0,Graduate,,26540,0,70000,360,1,Semiurban,Y
LP103049,Male,No,1,Graduate,No,31410,14290,70000,360,0,Rural,N
LP103050,Male,Yes,2,Not Graduate,No,18840,21596,60300,360,1,Rural,N
LP103051,Male,No,1,Not Graduate,Yes,156250,18136,70000,360,1,Semiurban,Y
LP103052,,No,0,Graduate,No,116050,7734,70000,360,1,Semiurban,Y
LP103053,Male,Yes,1,Not Graduate,No,30130,14720,60000,360,1,Semiurban,N
LP103054,Female,No,1,Graduate,No,25370,16413,70000,360,1,Urban,Y
LP103055,Male,Yes,1,Graduate,,43660,56067,70000,360,1,Semiurban,Y
LP103056,Female,Yes,2,Graduate,No,39380,21102,70000,360,1,Rural,Y
LP103057,Male,Yes,0,Graduate,No,35200,0,70000,360,,Urban,N
LP103058,Male,No,0,Not Graduate,No,15350,0,70000,300,1,Rural,N
LP103059,Female,No,0,Not Graduate,No,35970,18746,70000,360,,Semiurban,N
LP103060,Female,Yes,3+,Graduate,No,110300,16110,70000,360,1,Urban,Y
LP103061,Male,No,0,Graduate,No,41700,17708,67600,360,1,Urban,Y
LP103062,Male,Yes,0,Not Graduate,Yes,21510,35892,67100,360,1,Semiurban,Y
LP103063,Female,Yes,1,Graduate,No,51070,29063,57900,360,1,Semiurban,Y
LP103064,Male,Yes,3+,Graduate,Yes,24180,0,56700,360,1,Rural,Y
LP103065,Male,Yes,0,Graduate,No,68440,7797,59000,360,1,Rural,Y
LP103066,Female,Yes,0,Not Graduate,No,47410,67296,58000,360,1,Urban,Y
LP103067,Male,Yes,1,Graduate,No,73730,12872,70000,360,0,Urban,N
LP103068,Male,Yes,0,Graduate,No,38070,0,60200,360,,Semiurban,N
LP103069,Female,Yes,0,Graduate,No,29020,7131,65900,360,1,Rural,Y
LP103070,Female,Yes,0,Graduate,No,37550,0,70000,360,1,Rural,N
LP103071,Female,No,2,Graduate,No,22570,24022,70000,360,1,Semiurban,Y
LP103072,Male,Yes,0,Graduate,No,24070,0,70000,360,0,Urban,N
LP103073,Male,Yes,0,Graduate,No,73130,11301,70000,360,1,Urban,Y
LP103074,Male,No,0,Graduate,No,31490,0,65100,360,1,Rural,Y
LP103075,Male,Yes,1,Graduate,Yes,52500,0,70000,180,0,Urban,N
LP103076,Male,Yes,0,Graduate,No,20920,20724,62800,180,1,Urban,Y
LP103077,Male,Yes,0,Graduate,No,65560,0,70000,360,0,Rural,N
LP103078,Male,Yes,2,Graduate,No,17660,20199,70000,360,1,Urban,Y
LP103079,Male,No,1,Graduate,No,40920,0,64600,360,1,Semiurban,Y
LP103080,Female,No,1,Graduate,No,51760,8608,70000,180,1,Urban,Y
LP103081,Male,Yes,0,Not Graduate,No,20090,24729,68300,360,1,Semiurban,N
LP103082,Male,Yes,1,Not Graduate,No,41610,0,70000,360,0,Rural,N
LP103083,Male,Yes,0,Graduate,,40750,22258,66500,360,0,Rural,N
LP103084,Male,No,0,Graduate,No,26810,0,69600,360,1,Semiurban,Y
LP103085,Male,No,0,Graduate,Yes,153570,0,66500,360,1,Rural,Y
LP103086,Male,Yes,0,Graduate,No,41540,0,64600,360,0,Urban,N
LP103087,Female,Yes,3+,Not Graduate,No,26400,55384,70000,360,1,Semiurban,Y
LP103088,Male,Yes,2,Not Graduate,No,45060,0,70000,180,1,Urban,N
LP103089,Male,Yes,0,Graduate,No,65360,0,70000,360,0,Semiurban,N
LP103090,Male,Yes,1,Graduate,No,48920,0,70000,360,1,Semiurban,Y
LP103091,Male,Yes,0,Not Graduate,No,23480,28994,62700,,1,Urban,Y
LP103092,Male,No,0,Not Graduate,No,61320,11050,69100,120,1,Rural,Y
LP103093,Male,Yes,2,Graduate,No,56160,23162,70000,360,0,Semiurban,N
LP103094,Male,Yes,2,Graduate,No,52700,0,70000,360,1,Rural,Y
LP103095,Male,Yes,2,Graduate,No,85480,15605,70000,360,1,Rural,Y
LP103096,Male,Yes,3+,Graduate,No,25930,0,64900,360,1,Urban,Y
LP103097,Male,Yes,0,Graduate,No,24390,11082,70000,360,,Semiurban,N
LP103098,Female,No,3+,Graduate,No,35160,0,66700,360,1,Urban,Y
LP103099,Male,No,0,Graduate,No,42450,21346,70000,360,1,Urban,Y
LP103100,Male,Yes,,Graduate,Yes,52820,0,68400,360,1,Urban,Y
LP103101,Female,Yes,0,Graduate,No,134640,43248,70000,360,1,Semiurban,Y
LP103102,Male,Yes,0,Graduate,No,32320,92474,70000,360,1,Rural,Y
LP103103,Female,Yes,3+,Graduate,No,48240,0,61000,180,,Urban,N
LP103104,Male,Yes,0,Graduate,No,24750,9510,70000,180,1,Semiurban,Y
LP103105,Male,Yes,0,Graduate,Yes,45230,15812,70000,360,0,Semiurban,N
LP103106,Male,No,2,Graduate,No,50200,24017,70000,360,1,Semiurban,Y
LP103107,Male,Yes,0,Graduate,No,35230,0,70000,360,1,Semiurban,Y
LP103108,Male,Yes,0,Graduate,No,24870,7286,65100,360,1,Semiurban,Y
LP103109,Male,Yes,0,Graduate,No,29780,30225,65800,360,1,Urban,Y
LP103110,Male,Yes,2,Graduate,Yes,40090,8562,61400,360,1,Semiurban,Y
LP103111,Male,No,0,Not Graduate,No,39360,22783,70000,360,1,Semiurban,Y
LP103112,Male,Yes,0,Graduate,No,24460,19827,70000,360,1,Semiurban,Y
LP103113,Male,No,0,Graduate,No,37370,0,70000,360,1,Urban,Y
LP103114,Female,No,2,Graduate,No,21760,0,60100,360,1,Semiurban,Y
LP103115,Female,Yes,0,Graduate,No,42760,25313,70000,360,1,Semiurban,Y
LP103116,Male,Yes,0,Graduate,Yes,59270,0,70000,360,1,Semiurban,Y
LP103117,Male,Yes,0,Not Graduate,No,58500,0,70000,360,0,Semiurban,N
LP103118,Male,No,2,Not Graduate,No,19580,0,63100,360,1,Semiurban,Y
LP103119,Male,No,1,Graduate,No,23870,0,57400,360,1,Rural,Y
LP103120,Male,Yes,3+,Graduate,Yes,181970,24609,70000,360,0,Semiurban,Y
LP103121,Male,Yes,1,Not Graduate,Yes,45900,182449,67100,360,1,Rural,Y
LP103122,Female,Yes,1,Graduate,,47070,35736,70000,360,1,Semiurban,Y
LP103123,Male,Yes,0,Graduate,No,55930,26727,70000,360,0,Rural,N
LP103124,Male,Yes,0,Graduate,No,31590,0,70000,360,1,Urban,Y
LP103125,Male,Yes,0,Graduate,No,51230,11372,70000,360,1,Urban,Y
LP103126,Male,No,1,Graduate,No,32720,13512,70000,360,0,Semiurban,N
LP103127,Male,No,0,Graduate,No,37770,72503,70000,360,1,Semiurban,Y
LP103128,Male,No,0,Graduate,No,15710,27292,70000,360,1,Urban,Y
LP103129,Male,Yes,0,Not Graduate,Yes,17620,13622,70000,360,,Urban,N
LP103130,Male,No,3+,Graduate,No,59430,18791,70000,360,1,Rural,Y
LP103131,Male,Yes,0,Graduate,No,22410,11771,63700,360,,Rural,N
LP103132,Male,No,2,Graduate,No,49430,0,70000,360,1,Semiurban,Y
LP103133,Male,No,0,Graduate,No,26210,20588,64900,360,1,Semiurban,Y
LP103134,Male,Yes,3+,Not Graduate,Yes,37160,12230,70000,360,0,Semiurban,N
LP103135,Male,Yes,0,Graduate,No,95540,0,70000,360,,Urban,N
LP103136,Male,Yes,3+,Not Graduate,No,48420,0,70000,360,1,Rural,N
LP103137,Male,Yes,0,Not Graduate,No,39630,0,70000,480,1,Semiurban,N
LP103138,Female,Yes,2,Graduate,No,39590,0,70000,360,1,Rural,Y
LP103139,Female,Yes,0,Graduate,No,27030,0,60200,480,1,Urban,Y
LP103140,Male,No,0,Not Graduate,,53430,11238,70000,360,1,Rural,N
LP103141,Male,Yes,0,Graduate,Yes,124700,24479,62400,360,1,Semiurban,Y
LP103142,Male,No,1,Graduate,No,53750,8799,70000,360,1,Rural,Y
LP103143,Male,No,3+,Graduate,No,31320,0,67100,360,1,Urban,N
LP103144,Male,No,2,Graduate,Yes,29400,0,56200,360,1,Urban,N
LP103145,Male,No,1,Not Graduate,No,27130,0,69300,360,1,Semiurban,Y
LP103146,Male,Yes,3+,Graduate,,80580,23054,60500,360,1,Rural,Y
LP103147,Male,No,0,Graduate,No,62690,31360,68200,360,0,Semiurban,N
LP103148,Male,No,0,Graduate,,94610,0,70000,480,1,Urban,Y
LP103149,Female,No,0,Graduate,No,57940,7266,64600,360,1,Semiurban,Y
LP103150,Male,Yes,0,Graduate,No,29280,38667,66800,360,1,Rural,Y
LP103151,Female,No,1,Graduate,No,26470,0,67700,360,1,Semiurban,Y
LP103152,Male,Yes,0,Graduate,No,174350,0,65300,360,0,Rural,N
LP103153,Female,Yes,0,Not Graduate,No,51590,10367,69700,300,1,Semiurban,Y
LP103154,Male,Yes,1,Graduate,No,35440,2586,68200,300,1,Urban,Y
LP103155,Female,No,0,Graduate,No,22960,15538,70000,360,1,Urban,N
LP103156,Male,Yes,2,Graduate,Yes,20760,48148,65900,360,1,Semiurban,Y
LP103157,,No,0,Graduate,,19130,0,70000,360,1,Urban,N
LP103158,Male,Yes,0,Graduate,No,29860,19556,64700,360,1,Semiurban,Y
LP103159,Male,Yes,0,Graduate,No,69640,7639,70000,360,1,Rural,Y
LP103160,Male,Yes,3+,Graduate,No,61450,18192,61500,360,1,Urban,Y
LP103161,Male,Yes,2,Not Graduate,No,23400,23857,63300,360,0,Urban,N
LP103162,Male,Yes,0,Not Graduate,No,39820,12613,59700,360,1,Semiurban,Y
LP103163,Male,No,0,Graduate,No,37570,0,70000,360,1,Urban,Y
LP103164,Male,Yes,0,Graduate,No,30610,19355,67600,360,0,Urban,N
LP103165,Male,Yes,2,Graduate,No,49040,0,70000,360,1,Semiurban,Y
LP103166,Male,No,0,Graduate,No,346000,0,70000,360,1,Semiurban,Y
LP103167,Female,Yes,,Graduate,No,20850,65017,60600,360,1,Semiurban,Y
LP103168,Male,Yes,0,Graduate,No,15120,0,44700,180,,Rural,N
LP103169,Female,No,2,Graduate,Yes,34000,25734,69700,360,1,Semiurban,Y
LP103170,Male,No,0,Graduate,No,158130,0,70000,480,1,Rural,Y
LP103171,Male,No,0,Graduate,No,27510,15958,65400,360,1,Urban,Y
LP103172,Male,Yes,0,Not Graduate,No,29160,12695,61600,,1,Semiurban,Y
LP103173,Male,Yes,3+,Graduate,No,53360,0,64500,180,1,Semiurban,Y
LP103174,Male,Yes,0,Graduate,No,42750,11930,59700,360,1,Urban,Y
LP103175,Male,Yes,0,Not Graduate,No,54570,21741,70000,360,1,Urban,N
LP103176,Male,Yes,0,Graduate,Yes,52480,0,70000,360,1,Semiurban,Y
LP103177,Male,Yes,0,Graduate,No,48330,10995,70000,360,1,Rural,Y
LP103178,Female,No,0,Graduate,No,28290,28310,59600,240,0,Urban,N
LP103179,Male,No,2,Not Graduate,No,47910,0,70000,360,1,Urban,N
LP103180,Male,Yes,0,Graduate,No,36060,19399,66900,360,1,Rural,Y
LP103181,Male,Yes,1,Graduate,Yes,64700,0,64600,360,1,Rural,Y
LP103182,Male,Yes,3+,Graduate,No,27890,0,70000,360,1,Semiurban,Y
LP103183,Female,Yes,0,Graduate,No,46570,16015,66200,360,1,Semiurban,Y
LP103184,Male,Yes,0,Not Graduate,No,33010,34956,70000,360,0,Rural,N
LP103185,Male,Yes,0,Graduate,No,52780,0,70000,360,,Rural,Y
LP103186,Male,No,0,Graduate,No,52500,39572,70000,360,1,Rural,Y
LP103187,Male,No,2,Graduate,No,36750,0,70000,360,1,Urban,Y
LP103188,Male,Yes,0,Graduate,No,201140,15009,70000,360,1,Semiurban,Y
LP103189,Female,Yes,0,Graduate,Yes,42120,16722,63300,360,1,Rural,Y
LP103190,Male,Yes,0,Graduate,No,38030,0,70000,360,,Semiurban,N
LP103191,Male,Yes,0,Graduate,No,47590,11066,58500,360,1,Semiurban,Y
LP103192,Male,No,0,Graduate,No,93350,0,56300,360,0,Rural,N
LP103193,Male,No,0,Graduate,No,23150,0,70000,360,1,Semiurban,Y
LP103194,Male,Yes,0,Graduate,No,21080,36223,62000,360,1,Semiurban,Y
LP103195,Female,Yes,1,Graduate,No,51990,26293,61500,360,0,Urban,N
LP103196,Male,No,2,Graduate,No,48300,17948,64900,360,1,Rural,Y
LP103197,Male,Yes,,Graduate,No,77980,18922,70000,360,0,Semiurban,N
LP103198,Female,No,0,Not Graduate,Yes,26840,32457,56700,360,1,Rural,Y
LP103199,Male,Yes,0,Not Graduate,Yes,34070,0,62100,360,1,Semiurban,Y
LP103200,Male,No,3+,Not Graduate,No,25110,14909,70000,180,,Semiurban,N
LP103201,Female,Yes,0,Graduate,No,43840,12892,60800,360,,Urban,Y
LP103202,Male,Yes,0,Graduate,No,25140,20927,70000,480,,Semiurban,N
LP103203,Male,No,3+,Graduate,No,154740,0,60700,360,0,Semiurban,N
LP103204,Female,Yes,0,Graduate,No,28980,0,70000,360,0,Urban,N
LP103205,Male,Yes,0,Graduate,Yes,29450,20781,64200,360,1,Rural,Y
LP103206,Male,No,0,Not Graduate,No,18970,7771,60600,360,0,Semiurban,N
LP103207,Male,Yes,0,Graduate,No,26350,0,70000,360,0,Semiurban,N
LP103208,Male,No,1,Graduate,No,33070,0,67100,360,1,Urban,Y
LP103209,Male,Yes,0,Not Graduate,No,41870,0,57700,360,1,Urban,N
LP103210,Male,No,1,Graduate,Yes,70720,30248,70000,360,1,Semiurban,Y
LP103211,Female,No,0,Not Graduate,No,33880,17875,70000,360,,Rural,N
LP103212,,Yes,,Graduate,Yes,23180,17881,67100,180,1,Semiurban,Y
LP103213,Male,No,2,Graduate,No,31970,21943,70000,360,,Urban,N
LP103214,Male,Yes,0,Graduate,No,25090,0,70000,360,1,Rural,Y
LP103215,Male,Yes,2,Not Graduate,Yes,45990,45353,70000,360,1,Rural,Y
LP103216,Male,No,0,Graduate,No,34670,0,70000,360,0,Urban,N
LP103217,Male,Yes,0,Graduate,Yes,170000,0,62900,360,1,Rural,Y
LP103218,Female,Yes,1,Graduate,No,49660,14212,65700,360,1,Rural,Y
LP103219,Male,No,0,Graduate,No,40270,18218,63500,180,1,Semiurban,Y
LP103220,Male,No,1,Graduate,No,38040,11371,67800,360,1,Semiurban,Y
LP103221,Male,Yes,1,Not Graduate,No,36810,24377,70000,360,1,Semiurban,Y
LP103222,,Yes,2,Graduate,No,319100,0,70000,360,0,Urban,N
LP103223,Male,No,1,Graduate,,56060,65808,70000,360,1,Rural,Y
LP103224,Male,No,1,Graduate,Yes,25770,30515,63200,360,0,Rural,N
LP103225,Male,No,0,Graduate,No,39540,0,64200,360,0,Urban,N
LP103226,Female,Yes,2,Graduate,Yes,97530,0,61600,360,1,Urban,Y
LP103227,Female,Yes,0,Graduate,No,25300,10924,63600,360,1,Semiurban,Y
LP103228,Male,Yes,1,Graduate,No,93240,5056,56300,360,1,Rural,Y
LP103229,Male,No,1,Graduate,No,28730,0,70000,360,1,Semiurban,Y
LP103230,Male,No,,Graduate,Yes,25870,0,62300,480,1,Semiurban,Y
LP103231,Male,Yes,0,Graduate,No,38950,22195,70000,360,1,Urban,Y
LP103232,Male,Yes,0,Graduate,No,84690,31979,63500,360,1,Semiurban,Y
LP103233,Female,Yes,1,Graduate,No,28080,0,61600,360,1,Semiurban,Y
LP103234,Male,No,0,Graduate,No,77920,24288,70000,360,1,Semiurban,Y
LP103235,Male,Yes,,Graduate,No,20100,0,64700,360,1,Semiurban,Y
LP103236,Female,No,0,Graduate,No,83010,36690,67200,360,,Semiurban,Y
LP103237,Male,No,2,Graduate,No,29470,6469,67600,360,1,Rural,Y
LP103238,Male,Yes,0,Graduate,Yes,301010,0,57200,180,1,Semiurban,Y
LP103239,Male,No,2,Graduate,No,124720,37997,58600,360,1,Semiurban,Y
LP103240,Male,No,0,Not Graduate,No,17760,0,58000,360,1,Semiurban,Y
LP103241,Female,Yes,0,Graduate,No,27800,18137,68500,360,1,Urban,Y
LP103242,Male,Yes,0,Graduate,No,37180,0,70000,360,1,Semiurban,Y
LP103243,Male,Yes,0,Graduate,No,29730,26273,65500,360,0,Rural,N
LP103244,Male,Yes,0,Graduate,No,22510,0,67000,360,1,Rural,Y
LP103245,Male,Yes,0,Not Graduate,Yes,34140,19434,59700,360,1,Urban,Y
LP103246,Female,Yes,0,Not Graduate,No,45890,27710,70000,360,1,Urban,Y
LP103247,,No,2,Graduate,,68030,7202,70000,360,1,Urban,Y
LP103248,Female,Yes,0,Graduate,No,64700,22070,70000,84,1,Semiurban,Y
LP103249,Male,Yes,0,Graduate,No,25990,45857,70000,360,1,Semiurban,Y
LP103250,Male,No,0,Graduate,No,38350,36686,70000,360,1,Rural,Y
LP103251,Male,No,2,Graduate,No,37530,62257,66800,360,,Rural,N
LP103252,Male,Yes,1,Graduate,Yes,80210,15572,70000,360,1,Rural,Y
LP103253,Female,Yes,0,Graduate,No,56370,26630,59600,360,1,Semiurban,Y
LP103254,Male,Yes,0,Graduate,Yes,67400,10134,70000,360,1,Semiurban,Y
LP103255,Male,Yes,0,Graduate,No,49570,0,62100,360,1,Urban,Y
LP103256,,Yes,1,Graduate,Yes,58620,6294,70000,300,,Urban,N
LP103257,Male,Yes,3+,Not Graduate,No,21370,5319,70000,360,,Semiurban,N
LP103258,Male,Yes,1,Graduate,Yes,32250,0,70000,360,1,Rural,Y
LP103259,Male,Yes,0,Graduate,No,50280,44534,63200,360,1,Urban,Y
LP103260,Male,Yes,1,Graduate,No,37640,48038,70000,360,1,Semiurban,Y
LP103261,Male,Yes,0,Graduate,No,19560,0,70000,360,1,Urban,Y
LP103262,Male,Yes,3+,Graduate,No,16910,0,64500,360,1,Rural,Y
LP103263,Male,Yes,1,Graduate,No,35510,22766,70000,360,0,Rural,N
LP103264,Male,Yes,0,Graduate,No,35870,0,70000,360,0,Semiurban,N
LP103265,Male,Yes,0,Graduate,No,14360,0,57000,,1,Urban,Y
LP103266,Male,No,0,Graduate,No,34970,0,59900,360,1,Semiurban,Y
LP103267,Female,Yes,0,Graduate,No,20240,27022,70000,360,1,Rural,N
LP103268,Male,Yes,2,Graduate,No,42930,10287,70000,360,0,Urban,N
LP103269,Male,Yes,0,Graduate,,28890,9576,62100,360,1,Semiurban,Y
LP103270,Male,No,0,Graduate,No,35390,32070,70000,360,0,Semiurban,N
LP103271,Male,Yes,1,Graduate,No,23360,24465,65800,360,0,Urban,N
LP103272,Male,Yes,0,Graduate,No,28680,0,62400,360,0,Rural,N
LP103273,Male,Yes,0,Graduate,Yes,25480,0,57000,360,1,Semiurban,Y
LP103274,Female,Yes,1,Graduate,No,34690,0,70000,360,1,Rural,Y
LP103275,Male,No,2,Graduate,No,22850,12970,62400,360,1,Semiurban,Y
LP103276,Male,Yes,0,Graduate,No,21230,0,69500,360,1,Urban,Y
LP103277,Female,No,2,Graduate,No,88140,0,70000,360,1,Urban,Y
LP103278,Male,Yes,0,Graduate,No,136450,0,70000,180,0,Urban,N
LP103279,Male,Yes,1,Graduate,No,26570,0,67800,360,1,Semiurban,Y
LP103280,Male,No,0,Graduate,No,40080,0,70000,360,1,Rural,N
LP103281,Male,No,0,Graduate,No,34610,15835,70000,360,1,Semiurban,Y
LP103282,Male,Yes,0,Graduate,No,48000,28484,70000,360,,Rural,Y
LP103283,Male,Yes,0,Graduate,No,28670,0,60700,360,1,Semiurban,Y
LP103284,,No,0,Graduate,No,28090,15330,70000,360,0,Semiurban,N
LP103285,Female,Yes,1,Graduate,Yes,12920,0,40600,360,,Rural,N
LP103286,Female,Yes,1,Not Graduate,No,18410,41057,70000,300,1,Semiurban,Y
LP103287,Male,Yes,,Graduate,No,76320,15571,62900,,1,Urban,Y
LP103288,Female,Yes,0,Not Graduate,No,188810,21793,70000,180,0,Semiurban,N
LP103289,Male,Yes,1,Graduate,No,847380,35395,70000,360,1,Urban,Y
LP103290,,No,2,Graduate,,123720,0,70000,360,1,Urban,Y
LP103291,Male,Yes,1,Graduate,,23680,6896,70000,,1,Urban,Y
LP103292,Male,Yes,1,Graduate,No,39900,11485,61000,360,1,Urban,Y
LP103293,Male,Yes,0,Graduate,No,19190,0,60900,300,1,Rural,Y
LP103294,Male,No,0,Graduate,No,27210,9449,70000,360,1,Semiurban,Y
LP103295,Male,Yes,3+,Graduate,No,77790,30686,70000,300,1,Rural,Y
LP103296,Male,No,2,Graduate,No,36270,0,70000,360,1,Rural,Y
LP103297,Male,Yes,0,Graduate,No,70860,18940,66100,360,1,Rural,Y
LP103298,Male,No,1,Not Graduate,No,24710,0,70000,360,1,Urban,N
LP103299,Male,Yes,0,Graduate,No,333180,0,59600,360,0,Semiurban,N
LP103300,Male,Yes,3+,Graduate,No,46400,9703,70000,360,1,Urban,Y
LP103301,Male,Yes,0,Graduate,No,33420,10692,56000,360,0,Rural,N
LP103302,Male,No,3+,Graduate,No,19540,0,67500,,1,Urban,Y
LP103303,Male,No,0,Graduate,No,55230,0,70000,360,1,Rural,Y
LP103304,Female,Yes,0,Graduate,No,85970,7812,70000,,1,Semiurban,Y
LP103305,Male,No,1,Graduate,No,46900,0,68900,360,0,Semiurban,N
LP103306,Male,No,0,Graduate,No,27160,13498,62900,360,1,Urban,N
LP103307,Male,Yes,0,Graduate,No,93630,10766,70000,360,1,Rural,Y
LP103308,Male,Yes,2,Not Graduate,No,37210,10982,59300,360,0,Semiurban,N
LP103309,Male,No,0,Graduate,No,41120,0,70000,360,1,Semiurban,Y
LP103310,Male,Yes,0,Not Graduate,No,35590,15666,66000,360,1,Rural,N
LP103311,Male,Yes,0,Graduate,No,24200,0,70000,360,1,Semiurban,Y
LP103312,Male,Yes,0,Graduate,No,28080,0,67600,180,1,Urban,Y
LP103313,Male,Yes,0,Graduate,No,51140,24419,70000,360,1,Rural,Y
LP103314,Male,Yes,2,Graduate,No,23450,0,70000,360,1,Urban,Y
LP103315,Female,Yes,2,Graduate,No,141800,28379,63400,360,1,Semiurban,Y
LP103316,Female,Yes,1,Graduate,No,17170,0,67600,360,1,Urban,Y
LP103317,Male,Yes,1,Not Graduate,No,46490,12149,68400,360,1,Semiurban,Y
LP103318,Male,No,0,Graduate,No,47060,0,70000,360,1,Urban,Y
LP103319,Male,No,1,Graduate,,25820,0,70000,360,1,Semiurban,Y
LP103320,Female,Yes,0,Graduate,No,16160,6809,67100,360,0,Rural,N
LP103321,Male,No,0,Not Graduate,No,37200,21129,70000,360,1,Semiurban,Y
LP103322,Female,Yes,2,Not Graduate,No,24230,26522,64500,360,1,Urban,Y
LP103323,Male,Yes,0,Graduate,No,17230,17378,64100,360,1,Semiurban,Y
LP103324,Male,Yes,0,Graduate,No,21110,0,61400,360,1,Rural,Y
LP103325,Male,Yes,2,Graduate,Yes,27150,18602,70000,360,1,Semiurban,Y
LP103326,,Yes,0,Graduate,Yes,24720,0,57500,360,,Rural,N
LP103327,Female,No,0,Graduate,No,30620,0,70000,360,1,Urban,Y
LP103328,Male,Yes,1,Graduate,No,57260,0,70000,360,1,Urban,Y
LP103329,Male,No,1,Not Graduate,No,94500,29852,58700,360,1,Rural,Y
LP103330,Male,Yes,3+,Graduate,No,21890,0,65800,360,1,Semiurban,Y
LP103331,Female,Yes,2,Graduate,Yes,183590,42939,60200,360,0,Urban,N
LP103332,Female,Yes,1,Graduate,No,11970,11209,61700,180,1,Urban,Y
LP103333,Female,No,0,Graduate,No,47200,16007,70000,240,1,Urban,Y
LP103334,Male,No,1,Graduate,Yes,43020,12584,70000,360,1,Rural,Y
LP103335,Male,Yes,2,Graduate,No,37850,0,70000,360,1,Urban,N
LP103336,Male,No,0,Graduate,No,33940,36434,70000,360,,Rural,N
LP103337,Male,No,,Not Graduate,No,40820,22140,70000,360,1,Semiurban,Y
LP103338,Male,Yes,2,Not Graduate,No,30240,13494,67000,360,1,Urban,N
LP103339,Male,Yes,0,Graduate,No,29960,22908,57500,360,1,Semiurban,Y
LP103340,Male,Yes,2,Not Graduate,No,30120,21514,70000,360,1,Urban,Y
LP103341,Male,No,3+,Not Graduate,No,92640,0,66700,360,0,Urban,N
LP103342,Male,No,3+,Graduate,No,53880,14868,64600,360,1,Urban,Y
LP103343,Male,Yes,0,Graduate,No,62510,14154,70000,180,1,Urban,Y
LP103344,Male,Yes,0,Graduate,No,14550,9875,57000,360,0,Urban,N
LP103345,Female,Yes,3+,Graduate,No,15680,14642,70000,360,1,Urban,N
LP103346,Male,Yes,0,Graduate,No,36710,49437,63600,360,1,Urban,Y
LP103347,Male,Yes,0,Graduate,No,162550,15853,64000,360,1,Semiurban,Y
LP103348,Male,Yes,1,Graduate,No,52880,0,56000,360,1,Urban,Y
LP103349,Male,No,2,Not Graduate,No,13460,20826,63800,,0,Semiurban,N
LP103350,Male,No,0,Graduate,No,51500,0,70000,360,0,Urban,N
LP103351,Male,Yes,2,Graduate,No,18710,35912,70000,360,1,Urban,Y
LP103352,Female,No,0,Not Graduate,No,42400,14093,66900,360,1,Rural,Y
LP103353,Male,No,0,Graduate,No,48400,0,64400,360,1,Rural,Y
LP103354,Male,Yes,0,Graduate,No,521770,20165,70000,360,0,Rural,N
LP103355,Male,Yes,1,Graduate,No,40710,0,58400,480,1,Semiurban,Y
LP103356,Male,Yes,0,Not Graduate,No,29610,0,60100,360,1,Semiurban,N
LP103357,Male,Yes,0,Graduate,No,24830,29756,70000,360,1,Urban,Y
LP103358,Male,Yes,0,Graduate,No,24760,18874,64700,360,0,Rural,N
LP103359,Male,Yes,3+,Graduate,No,29360,24100,70000,180,1,Urban,Y
LP103360,Female,Yes,3+,Graduate,No,42300,33695,69300,180,1,Urban,Y
LP103361,Male,No,1,Graduate,No,28940,15377,70000,360,1,Urban,Y
LP103362,Female,Yes,0,Not Graduate,No,23430,13850,70000,360,1,Rural,N
LP103363,Male,Yes,1,Graduate,No,43140,0,70000,300,1,Semiurban,Y
LP103364,Male,No,2,Not Graduate,No,51180,0,70000,360,1,Urban,Y
LP103365,Male,Yes,3+,Graduate,Yes,24040,30465,70000,360,1,Semiurban,Y
LP103366,Male,Yes,1,Not Graduate,No,301330,23171,64900,360,1,Urban,Y
LP103367,Male,No,0,Graduate,No,411950,11365,59700,360,1,Semiurban,Y
LP103368,Male,No,0,Graduate,No,20790,6219,70000,360,1,Urban,N
LP103369,Male,Yes,1,Graduate,Yes,71380,26774,70000,360,1,Urban,Y
LP103370,Male,Yes,2,Not Graduate,,35510,21388,69200,360,1,Rural,Y
LP103371,Male,Yes,2,Graduate,No,21940,78436,70000,360,1,Rural,Y
LP103372,Male,No,2,Graduate,No,38580,19307,70000,360,1,Semiurban,Y
LP103373,Male,Yes,2,Graduate,No,50470,24130,70000,360,1,Urban,Y
LP103374,Male,Yes,2,Not Graduate,No,40260,0,70000,480,1,Semiurban,N
LP103375,Male,Yes,0,Graduate,No,25510,23992,64400,360,1,Rural,Y
LP103376,Male,Yes,0,Not Graduate,No,413240,40532,57100,360,0,Urban,N
LP103377,Female,Yes,3+,Not Graduate,No,74570,0,70000,360,1,Urban,Y
LP103378,Male,Yes,0,Graduate,Yes,28920,0,63900,360,1,Semiurban,Y
LP103379,Male,No,1,Not Graduate,,23320,16766,70000,360,0,Urban,N
LP103380,Male,Yes,0,Not Graduate,No,138130,0,65000,360,1,Semiurban,Y
LP103381,Male,Yes,0,Graduate,,59570,6549,60900,360,1,Semiurban,Y
LP103382,Male,No,1,Graduate,No,72460,0,70000,360,,Urban,N
LP103383,Male,No,3+,Graduate,No,121510,13995,70000,360,1,Semiurban,Y
LP103384,Male,Yes,3+,Graduate,No,23080,6699,70000,300,1,Urban,Y
LP103385,Male,Yes,0,Graduate,No,52730,18894,58300,180,1,Rural,Y
LP103386,Male,Yes,0,Graduate,No,20370,8313,57000,360,1,Rural,Y
LP103387,Male,Yes,2,Graduate,No,31300,49217,57000,360,1,Urban,Y
LP103388,Male,No,0,Graduate,No,32390,7337,70000,360,1,Urban,Y
LP103389,Female,Yes,2,Graduate,No,115280,15351,59800,360,0,Rural,N
LP103390,Male,Yes,0,Graduate,No,10810,17501,57900,180,1,Rural,N
LP103391,Male,Yes,0,Graduate,No,32810,27455,70000,360,1,Urban,Y
LP103392,Female,Yes,0,Graduate,No,405120,35544,62500,360,1,Urban,Y
LP103393,Male,Yes,2,Graduate,No,32260,9308,70000,360,,Urban,N
LP103394,Male,Yes,0,Graduate,No,115910,18734,60900,360,0,Urban,Y
LP103395,Male,No,1,Graduate,No,36630,17821,58700,360,1,Rural,Y
LP103396,Male,Yes,2,Graduate,Yes,39800,16580,70000,360,1,Semiurban,Y
LP103397,Male,Yes,0,Not Graduate,No,28120,0,70000,180,1,Semiurban,Y
LP103398,Male,No,0,Not Graduate,No,28460,0,65100,360,1,Rural,N
LP103399,Male,Yes,1,Graduate,,35870,13050,69400,360,0,Rural,N
LP103400,Male,Yes,2,Not Graduate,No,26410,19273,70000,360,0,Rural,N
LP103401,Male,Yes,2,Not Graduate,No,32460,0,57900,360,0,Semiurban,N
LP103402,Male,No,0,Not Graduate,No,71630,3685,70000,360,0,Semiurban,N
LP103403,Male,Yes,0,Graduate,No,59500,38186,59100,360,1,Rural,Y
LP103404,Male,No,0,Graduate,No,14320,0,70000,360,1,Rural,N
LP103405,Male,Yes,0,Graduate,No,108760,14468,68800,480,1,Rural,Y
LP103406,Male,Yes,1,Graduate,Yes,19320,11338,59600,360,1,Urban,Y
LP103407,Male,Yes,0,Not Graduate,No,68610,51738,65100,360,1,Urban,Y
LP103408,Male,Yes,2,Graduate,No,55470,38775,68700,360,1,Rural,Y
LP103409,Male,Yes,3+,Not Graduate,No,50370,0,59500,360,1,Semiurban,Y
LP103410,Male,Yes,0,Graduate,No,21900,13199,68800,360,1,Semiurban,Y
LP103411,Male,No,0,Graduate,No,45370,8685,50100,84,0,Urban,N
LP103412,Female,Yes,0,Graduate,No,50180,15653,70000,360,1,Rural,Y
LP103413,Male,Yes,0,Graduate,No,30750,27699,70000,360,0,Semiurban,N
LP103414,Male,Yes,0,Graduate,,174400,0,70000,360,1,Rural,Y
LP103415,Female,Yes,3+,Graduate,No,30950,0,57800,360,,Rural,N
LP103416,Female,Yes,0,Graduate,No,61340,0,70000,360,0,Semiurban,N
LP103417,Male,Yes,0,Graduate,No,69830,26164,67600,360,1,Urban,Y
LP103418,Male,No,0,Graduate,No,47540,15016,59300,360,1,Urban,Y
LP103419,Female,Yes,0,Graduate,Yes,42160,0,65900,360,1,Urban,Y
LP103420,Male,Yes,0,Graduate,No,63060,31477,70000,360,1,Urban,Y
LP103421,Female,Yes,0,Graduate,No,33500,13213,61200,360,0,Urban,N
LP103422,Male,Yes,2,Graduate,No,58370,11849,66100,180,0,Rural,N
LP103423,Male,No,0,Graduate,No,19310,0,35700,180,1,Semiurban,Y
LP103424,Male,No,2,Graduate,No,18070,26009,57800,360,1,Rural,N
LP103425,Male,No,0,Not Graduate,No,20460,0,65700,360,1,Urban,N
LP103426,Male,Yes,1,Graduate,No,80190,0,58700,180,1,Urban,Y
LP103427,Male,Yes,1,Graduate,,14260,0,52500,360,,Semiurban,N
LP103428,Male,No,0,Graduate,No,78110,0,68400,360,1,Semiurban,Y
LP103429,Female,Yes,0,Not Graduate,No,40030,0,4600,12,1,Semiurban,Y
LP103430,Male,Yes,3+,Not Graduate,No,126060,0,70000,360,1,Semiurban,Y
LP103431,Male,Yes,0,Not Graduate,No,28490,22973,63800,360,1,Semiurban,Y
LP103432,Male,Yes,0,Graduate,No,35790,35051,70000,360,1,Semiurban,Y
LP103433,Male,No,2,Graduate,No,38320,0,70000,360,1,Urban,Y
LP103434,Male,Yes,0,Graduate,No,146200,0,70000,360,1,Semiurban,Y
LP103435,Male,No,1,Graduate,No,107410,17473,70000,360,1,Rural,Y
LP103436,Male,No,0,Graduate,No,160690,0,65800,360,1,Semiurban,Y
LP103437,Male,Yes,3+,Graduate,No,16860,0,70000,360,0,Semiurban,N
LP103438,,Yes,0,Graduate,No,19840,28241,65500,360,1,Semiurban,Y
LP103439,Male,Yes,2,Not Graduate,Yes,39310,0,62300,360,1,Semiurban,Y
LP103440,Male,Yes,2,Graduate,No,33510,18282,70000,360,1,Urban,Y
LP103441,Male,Yes,2,Graduate,No,42570,13079,70000,360,1,Rural,Y
LP103442,Male,Yes,1,Graduate,No,25650,0,68100,360,1,Rural,Y
LP103443,Male,Yes,0,Not Graduate,No,39760,10052,62800,360,0,Urban,N
LP103444,Male,Yes,0,Graduate,No,43750,6510,69600,360,1,Rural,Y
LP103445,Male,Yes,2,Not Graduate,No,57850,24008,59900,360,1,Rural,Y
LP103446,Female,No,3+,Graduate,Yes,40850,0,66900,360,1,Semiurban,Y
LP103447,Male,Yes,0,Not Graduate,No,56650,49113,64800,360,1,Urban,Y
LP103448,Female,Yes,1,Not Graduate,No,245530,5991,70000,360,0,Semiurban,N
LP103449,Male,Yes,3+,Graduate,No,20470,12428,67000,180,,Semiurban,N
LP103450,Male,Yes,2,Not Graduate,No,135700,24666,70000,360,,Urban,N
LP103451,Male,No,1,Not Graduate,Yes,26260,20224,70000,360,1,Urban,N
LP103452,Male,Yes,2,Graduate,No,25910,0,70000,360,0,Rural,N
LP103453,Female,No,2,Graduate,No,27650,0,61500,360,1,Semiurban,Y
LP103454,Female,Yes,3+,Not Graduate,No,19330,10390,60700,240,1,Urban,N
LP103455,Male,Yes,0,Not Graduate,No,19810,10067,59300,180,1,Semiurban,Y
LP103456,Male,Yes,0,Not Graduate,No,251390,0,60000,360,1,Semiurban,Y
LP103457,Male,No,0,Graduate,No,23750,0,70000,360,1,Rural,Y
LP103458,Male,Yes,0,Not Graduate,,648230,24308,63100,360,1,Semiurban,Y
LP103459,Male,Yes,3+,Graduate,No,39560,10803,64800,480,1,Semiurban,Y
LP103460,Male,No,2,Graduate,Yes,49890,12800,64700,360,0,Semiurban,N
LP103461,,No,0,Not Graduate,No,38460,0,63200,360,1,Urban,Y
LP103462,Male,Yes,1,Graduate,No,115220,17068,61000,360,1,Urban,Y
LP103463,Male,No,1,Graduate,,61060,11857,70000,360,0,Semiurban,N
LP103464,Male,Yes,3+,Not Graduate,No,35840,52316,70000,360,1,Rural,N
LP103465,Male,No,0,Graduate,No,91710,53640,65000,360,1,Semiurban,Y
LP103466,Male,Yes,3+,Not Graduate,No,204270,0,70000,360,1,Urban,Y
LP103467,Male,No,0,Graduate,No,28260,26424,69300,360,1,Urban,Y
LP103468,Male,Yes,0,Graduate,No,56400,0,70000,360,1,Semiurban,Y
LP103469,Male,No,0,Graduate,No,194010,7048,58100,360,1,Semiurban,Y
LP103470,Male,Yes,0,Graduate,No,26240,0,67000,360,1,Rural,Y
LP103471,Male,Yes,0,Graduate,No,32570,17291,70000,180,1,Rural,Y
LP103472,Male,Yes,0,Graduate,No,193870,20115,70000,360,1,Urban,Y
LP103473,Male,Yes,0,Graduate,No,19960,0,70000,300,1,Urban,N
LP103474,Male,Yes,0,Graduate,No,43200,0,70000,360,1,Semiurban,Y
LP103475,Male,No,0,Graduate,No,47920,25297,70000,360,1,Urban,Y
LP103476,Male,No,2,Graduate,No,59210,29820,67600,360,1,Urban,Y
LP103477,Female,Yes,1,Graduate,No,44760,0,65400,360,1,Rural,Y
LP103478,Male,No,3+,Not Graduate,No,35270,6674,63900,360,1,Urban,N
LP103479,Male,Yes,1,Graduate,No,172880,0,70000,360,1,Semiurban,Y
LP103480,Male,Yes,0,Graduate,No,39970,0,70000,360,1,Semiurban,Y
LP103481,Male,Yes,1,Graduate,Yes,41140,8405,70000,360,0,Rural,N
LP103482,Male,Yes,2,Not Graduate,No,22380,34012,70000,360,1,Semiurban,Y
LP103483,Female,Yes,0,Graduate,No,35760,0,70000,360,1,Urban,Y
LP103484,Male,Yes,2,Graduate,No,49470,18390,60000,360,1,Rural,Y
LP103485,Female,Yes,0,Not Graduate,No,36900,31747,57600,360,1,Rural,Y
LP103486,Male,Yes,1,Graduate,No,28860,19154,70000,360,1,Urban,N
LP103487,Male,Yes,2,Graduate,No,101230,13931,57000,360,1,Rural,Y
LP103488,,Yes,0,Graduate,No,31680,0,62700,360,0,Rural,N
LP103489,,Yes,0,Graduate,No,40230,0,70000,360,1,Rural,Y
LP103490,Male,No,1,Graduate,No,29350,0,70000,360,1,Semiurban,N
LP103491,Male,Yes,2,Graduate,No,64060,10570,69300,360,1,Semiurban,Y
LP103492,Male,Yes,0,Graduate,No,33470,13888,60000,360,1,Rural,Y
LP103493,Male,No,2,Graduate,No,69820,20344,70000,480,1,Semiurban,Y
LP103494,Male,Yes,,Graduate,No,57920,0,70000,360,1,Rural,Y
LP103495,Male,Yes,0,Not Graduate,No,18650,21222,70000,180,1,Rural,N
LP103496,Male,Yes,2,Graduate,No,54330,18995,70000,360,0,Rural,N
LP103497,Male,No,1,Graduate,No,58800,13256,70000,360,1,Semiurban,Y
LP103498,Male,No,0,Not Graduate,No,68650,71820,68400,360,0,Urban,N
LP103499,Male,Yes,2,Graduate,No,30920,13840,58700,360,1,Semiurban,Y
LP103500,Male,Yes,0,Graduate,No,70020,0,65000,360,1,Rural,Y
LP103501,Male,Yes,2,Graduate,No,74110,13212,67300,360,1,Urban,Y
LP103502,Male,No,1,Graduate,No,30130,0,61600,360,,Semiurban,Y
LP103503,,No,0,Graduate,Yes,32070,0,70000,360,1,Rural,N
LP103504,Female,Yes,0,Graduate,No,19880,0,67000,360,1,Semiurban,Y
LP103505,Male,Yes,0,Graduate,,24080,9898,68600,360,1,Rural,Y
LP103506,Male,Yes,1,Graduate,No,25770,17708,70000,360,1,Urban,Y
LP103507,Male,No,0,Graduate,Yes,40450,45839,66000,360,1,Rural,Y
LP103508,Male,No,0,Graduate,No,23230,32636,64400,360,1,Semiurban,Y
LP103509,Male,Yes,0,Not Graduate,No,33060,0,70000,360,1,Urban,N
LP103510,Male,Yes,0,Graduate,No,35600,27105,61300,360,1,Rural,Y
LP103511,Male,Yes,0,Graduate,No,68110,22743,68100,480,,Semiurban,N
LP103512,Male,No,2,Graduate,No,39240,24296,70000,360,1,Rural,Y
LP103513,Female,Yes,0,Graduate,No,41460,78886,70000,360,1,Semiurban,Y
LP103514,Male,Yes,0,Graduate,No,91120,13148,70000,360,1,Semiurban,Y
LP103515,Male,Yes,2,Graduate,No,91920,12956,70000,360,1,Semiurban,Y
LP103516,Male,Yes,1,Graduate,No,27330,36901,70000,180,0,Urban,N
LP103517,Male,Yes,0,Graduate,No,68990,0,67700,360,1,Urban,Y
LP103518,Male,Yes,0,Not Graduate,No,28160,10973,65600,360,1,Semiurban,Y
LP103519,Male,No,0,Graduate,Yes,177270,12981,70000,360,1,Urban,Y
LP103520,Male,Yes,1,Not Graduate,No,48400,0,62100,360,1,Semiurban,N
LP103521,Male,Yes,0,Graduate,,39890,7282,66100,360,1,Semiurban,Y
LP103522,Male,Yes,2,Graduate,No,73050,0,70000,180,1,Semiurban,Y
LP103523,Female,No,0,Graduate,No,81690,0,70000,480,1,Rural,Y
LP103524,Female,No,0,Graduate,Yes,27630,0,70000,360,1,Semiurban,Y
LP103525,Male,Yes,0,Not Graduate,No,30580,21463,70000,180,1,Semiurban,Y
LP103526,Male,Yes,2,Graduate,No,42320,26842,70000,360,1,Semiurban,Y
LP103527,Male,No,1,Graduate,No,89960,16259,70000,360,,Semiurban,Y
LP103528,Male,Yes,0,Graduate,No,25420,7903,64800,360,1,Semiurban,Y
LP103529,Male,Yes,0,Graduate,Yes,26200,17725,57900,360,1,Semiurban,Y
LP103530,Male,No,1,Graduate,No,392110,13254,56200,360,1,Rural,Y
LP103531,Male,Yes,0,Graduate,No,40260,17903,62300,360,1,Urban,Y
LP103532,Male,No,0,Not Graduate,No,62150,82351,70000,360,1,Urban,Y
LP103533,Male,No,0,Not Graduate,Yes,28670,13479,70000,360,1,Semiurban,Y
LP103534,Male,No,0,Graduate,No,58240,27220,70000,84,1,Semiurban,Y
LP103535,Male,Yes,3+,Graduate,No,83580,0,57900,360,,Semiurban,Y
LP103536,Male,Yes,0,Graduate,Yes,47350,0,57900,360,,Rural,N
LP103537,Male,Yes,0,Graduate,No,30970,25770,63700,360,1,Semiurban,Y
LP103538,Female,Yes,3+,Not Graduate,No,59960,29581,70000,360,1,Semiurban,Y
LP103539,Male,No,0,Graduate,Yes,45740,34289,67000,180,,Semiurban,Y
LP103540,Male,Yes,3+,Graduate,No,61620,41435,58100,60,1,Rural,Y
LP103541,Male,Yes,0,Graduate,No,48750,16355,70000,360,1,Semiurban,Y
LP103542,Male,No,0,Graduate,No,38890,37290,60700,360,1,Semiurban,Y
LP103543,Male,Yes,0,Graduate,No,25200,0,70000,360,1,Urban,Y
LP103544,Male,No,3+,Graduate,No,42970,0,66400,360,1,Semiurban,Y
LP103545,Male,No,0,Graduate,No,30500,18395,60600,360,1,Semiurban,Y
LP103546,Male,Yes,0,Not Graduate,No,64720,0,66800,360,1,Semiurban,Y
LP103547,Female,No,0,Graduate,No,39670,18591,70000,84,0,Semiurban,N
LP103548,,No,1,Not Graduate,No,19740,28292,69400,180,1,Urban,N
LP103549,Male,Yes,1,Graduate,No,196780,0,70000,360,1,Urban,Y
LP103550,Male,Yes,0,Graduate,Yes,96370,15032,70000,360,1,Urban,Y
LP103551,Female,Yes,0,Graduate,Yes,40180,0,62900,360,1,Rural,Y
LP103552,Male,Yes,0,Not Graduate,No,40730,46586,70000,360,0,Rural,N
LP103553,Male,Yes,1,Graduate,No,34880,0,70000,360,1,Rural,Y
LP103554,Male,Yes,0,Graduate,No,41280,26038,70000,,1,Rural,Y
LP103555,Male,Yes,1,Graduate,No,39590,0,69100,360,1,Semiurban,Y
LP103556,Male,Yes,3+,Not Graduate,,29780,20313,57000,360,,Urban,N
LP103557,Male,Yes,0,Graduate,Yes,59020,9766,70000,360,,Rural,N
LP103558,Female,Yes,1,Graduate,No,38650,11879,70000,360,0,Semiurban,N
LP103559,Male,Yes,3+,Graduate,No,273650,7249,63000,360,1,Rural,Y
LP103560,Male,Yes,2,Graduate,No,28310,22673,70000,360,1,Semiurban,Y
LP103561,,No,0,Graduate,No,73640,17381,70000,360,1,Semiurban,Y
LP103562,Female,Yes,0,Graduate,No,28360,55898,70000,360,1,Semiurban,Y
LP103563,Male,Yes,0,Graduate,No,18970,0,59600,360,,Semiurban,N
LP103564,Male,No,2,Not Graduate,No,13530,23543,70000,360,,Urban,N
LP103565,Male,Yes,0,Graduate,No,29040,9797,70000,360,0,Semiurban,N
LP103566,Male,Yes,1,Graduate,No,50070,20928,66000,300,1,Rural,Y
LP103567,Male,Yes,1,Graduate,No,28240,8387,70000,480,0,Rural,N
LP103568,Male,Yes,1,Not Graduate,No,53910,26708,70000,360,1,Urban,Y
LP103569,Male,No,0,Graduate,No,34820,0,70000,360,0,Rural,N
LP103570,Male,No,0,Graduate,No,83580,0,70000,360,1,Urban,Y
LP103571,Male,No,2,Graduate,No,22490,7239,58400,360,1,Rural,Y
LP103572,Male,Yes,2,Not Graduate,No,26660,0,64900,360,1,Urban,N
LP103573,Female,Yes,1,Graduate,No,35670,20923,69900,360,1,Urban,Y
LP103574,Female,No,1,Graduate,,32660,22333,69800,360,1,Semiurban,Y
LP103575,,Yes,2,Graduate,No,20730,42995,69600,360,1,Rural,Y
LP103576,,Yes,0,Graduate,,35080,35347,61400,360,0,Urban,N
LP103577,Male,No,1,Not Graduate,Yes,42480,23781,64100,360,1,Semiurban,Y
LP103578,Male,No,1,Graduate,,47050,23652,58600,360,,Semiurban,N
LP103579,Male,No,1,Graduate,,48620,40138,70000,360,,Urban,N
LP103580,Male,No,2,Not Graduate,No,39770,27667,69600,360,1,Urban,Y
LP103581,Male,Yes,1,Graduate,No,34960,0,70000,360,1,Semiurban,Y
LP103582,Male,No,0,Graduate,No,69600,12049,70000,360,1,Rural,Y
LP103583,Female,No,0,Graduate,No,81870,17650,60500,360,1,Rural,Y
LP103584,Male,Yes,0,Graduate,Yes,19120,0,70000,480,1,Urban,Y
LP103585,Male,Yes,,Graduate,No,38570,0,64300,360,0,Rural,N
LP103586,Male,Yes,1,Graduate,No,26790,29941,67900,360,1,Urban,Y
LP103587,Male,No,,Graduate,No,27140,13834,60200,360,,Urban,N
LP103588,Male,Yes,0,Graduate,No,15550,0,62300,360,1,Semiurban,Y
LP103589,Female,Yes,0,Not Graduate,No,29700,0,70000,360,0,Urban,N
LP103590,Male,No,0,Graduate,No,31200,6990,59500,360,1,Urban,N
LP103591,Male,Yes,0,Graduate,No,51260,28971,70000,360,1,Rural,Y
LP103592,Male,Yes,3+,Not Graduate,No,44090,10121,58500,480,1,Rural,N
LP103593,Female,Yes,0,Graduate,No,35630,18041,70000,300,1,Urban,Y
LP103594,Male,Yes,1,Not Graduate,No,21610,44561,70000,360,0,Rural,N
LP103595,Male,Yes,1,Not Graduate,No,226160,15835,70000,360,,Urban,N
LP103596,Male,No,0,Graduate,No,36850,0,70000,360,1,Semiurban,Y
LP103597,Female,Yes,2,Graduate,No,39980,5311,65900,360,1,Rural,Y
LP103598,Male,Yes,0,Graduate,No,32570,12009,67000,360,1,Urban,Y
LP103599,Male,No,0,Graduate,Yes,23190,0,61500,360,1,Semiurban,Y
LP103600,Female,Yes,0,Graduate,No,32080,53167,65000,360,1,Rural,Y
LP103601,Male,No,2,Graduate,No,48570,0,62600,360,1,Semiurban,Y
LP103602,Male,Yes,0,Graduate,No,28150,25492,70000,360,1,Rural,Y
LP103603,Male,No,2,Graduate,No,68340,31488,59700,360,1,Rural,Y
LP103604,Male,Yes,0,Graduate,No,37390,0,70000,360,1,Semiurban,Y
LP103605,Male,Yes,0,Graduate,No,27210,0,70000,360,1,Semiurban,Y
LP103606,Male,Yes,0,Graduate,Yes,49850,22895,66400,360,1,Semiurban,Y
LP103607,Male,No,0,Graduate,No,54470,26468,70000,360,1,Urban,Y
LP103608,,Yes,1,Graduate,No,58380,0,70000,180,0,Urban,N
LP103609,Male,No,0,Graduate,Yes,28610,0,57200,360,1,Rural,Y
LP103610,Male,No,2,Not Graduate,No,65860,20356,61100,360,1,Semiurban,Y
LP103611,Male,No,2,Graduate,No,92630,0,60700,360,1,Semiurban,Y
LP103612,Female,No,0,Not Graduate,No,26700,51234,70000,,1,Semiurban,Y
LP103613,Male,Yes,1,Graduate,No,39800,0,70000,360,1,Rural,N
LP103614,Male,No,0,Graduate,No,27150,13524,62100,360,1,Urban,Y
LP103615,Female,No,0,Graduate,No,31520,23320,70000,360,1,Urban,Y
LP103616,Male,Yes,0,Graduate,No,46060,0,58800,360,1,Rural,N
LP103617,Female,Yes,0,Graduate,Yes,28120,17818,59900,360,1,Semiurban,Y
LP103618,Male,No,0,Graduate,No,95470,50976,60300,360,1,Urban,Y
LP103619,Male,Yes,2,Graduate,No,44300,18497,67900,360,1,Urban,Y
LP103620,Male,No,2,Graduate,No,38430,0,59300,300,,Rural,N
LP103621,Female,Yes,0,Graduate,No,47980,0,65700,360,1,Rural,N
LP103622,Female,No,0,Graduate,Yes,22970,15493,70000,360,1,Semiurban,Y
LP103623,Male,No,0,Graduate,,17180,22974,67500,360,0,Semiurban,N
LP103624,Male,Yes,0,Graduate,No,48710,13530,70000,360,1,Urban,Y
LP103625,Male,Yes,,Graduate,No,343510,8666,70000,360,0,Semiurban,Y
LP103626,Female,No,0,Not Graduate,No,18830,20687,70000,360,1,Urban,Y
LP103627,Male,Yes,2,Not Graduate,No,58320,0,60100,360,1,Rural,Y
LP103628,Male,Yes,0,Graduate,No,77670,0,70000,180,1,Rural,Y
LP103629,Male,No,0,Not Graduate,Yes,29610,34537,70000,360,,Semiurban,N
LP103630,Male,Yes,2,Graduate,Yes,35780,16301,60600,360,0,Urban,N
LP103631,Male,Yes,0,Graduate,Yes,54180,0,70000,360,1,Urban,Y
LP103632,Male,No,1,Graduate,No,48830,0,63900,,1,Semiurban,Y
LP103633,Male,No,3+,Graduate,No,17910,43849,70000,360,1,Urban,Y
LP103634,Male,Yes,2,Graduate,No,305780,12422,70000,360,1,Rural,Y
LP103635,Male,No,0,Not Graduate,No,43500,24319,66800,360,1,Urban,Y
LP103636,Male,Yes,2,Graduate,Yes,40940,12996,64700,360,,Semiurban,Y
LP103637,Male,Yes,0,Graduate,No,26910,17805,59900,360,1,Urban,Y
LP103638,Male,No,3+,Graduate,No,61710,25053,63300,360,0,Urban,N
LP103639,Male,Yes,2,Graduate,Yes,30810,28727,58000,360,1,Urban,Y
LP103640,Male,No,0,Graduate,No,24180,36021,64800,360,,Urban,N
LP103641,Male,Yes,0,Graduate,No,16640,14547,66600,360,,Semiurban,N
LP103642,Male,No,3+,Graduate,No,21990,0,70000,360,0,Urban,N
LP103643,Male,Yes,2,Graduate,Yes,20330,36282,69300,360,1,Semiurban,Y
LP103644,Male,Yes,0,Not Graduate,No,29490,22259,70000,360,1,Rural,Y
LP103645,Male,Yes,0,Graduate,Yes,35640,24072,68600,360,0,Semiurban,N
LP103646,Male,Yes,,Graduate,No,37690,0,70000,360,1,Rural,Y
LP103647,Male,No,0,Not Graduate,No,20430,32871,70000,360,1,Semiurban,Y
LP103648,Male,Yes,0,Graduate,Yes,29150,7106,70000,360,,Rural,N
LP103649,Male,No,1,Graduate,No,30020,44491,56900,360,1,Urban,Y
LP103650,Male,Yes,0,Graduate,,222500,14668,56200,360,1,Semiurban,Y
LP103651,Male,No,0,Not Graduate,No,31110,0,41400,180,1,Rural,N
LP103652,Male,No,,Graduate,,31500,62858,59600,360,1,Rural,Y
LP103653,Male,No,0,Graduate,No,43230,23403,70000,360,1,Urban,Y
LP103654,Male,Yes,1,Graduate,No,57880,20866,59600,360,1,Urban,Y
LP103655,Male,Yes,3+,Graduate,No,32400,16071,63600,360,,Urban,N
LP103656,Male,Yes,1,Graduate,No,127970,0,66900,360,1,Semiurban,Y
LP103657,Male,No,0,Graduate,No,35800,27978,61000,360,1,Urban,Y
LP103658,,Yes,1,Graduate,No,37270,28062,70000,360,1,Rural,Y
LP103659,Male,Yes,0,Graduate,No,127280,0,70000,360,1,Rural,Y
LP103660,Male,Yes,0,Graduate,Yes,37720,5452,70000,360,,Urban,N
LP103661,Female,Yes,2,Not Graduate,No,54990,22258,57700,360,1,Semiurban,Y
LP103662,Male,No,1,Not Graduate,No,57050,0,58000,360,1,Semiurban,Y
LP103663,Male,Yes,0,Graduate,No,9880,63298,70000,180,1,Semiurban,Y
LP103664,Female,No,0,Not Graduate,No,34190,0,69900,360,,Urban,N
LP103665,Male,Yes,0,Graduate,No,59950,9688,63900,180,0,Urban,N
LP103666,Male,Yes,0,Graduate,No,47970,0,64700,360,1,Urban,N
LP103667,Male,Yes,2,Not Graduate,No,22660,12436,58900,360,1,Urban,N
LP103668,Male,No,0,Not Graduate,,421250,16126,70000,360,1,Semiurban,Y
LP103669,Male,No,0,Graduate,No,40150,0,70000,180,1,Urban,Y
LP103670,Male,No,,Graduate,No,53850,0,70000,360,1,Rural,Y
LP103671,Male,Yes,3+,Graduate,No,45500,19788,70000,360,1,Rural,Y
LP103672,Male,Yes,0,Not Graduate,No,42900,76469,61200,180,1,Semiurban,Y
LP103673,Male,No,1,Graduate,Yes,35470,0,59800,180,1,Semiurban,Y
LP103674,Male,Yes,0,Graduate,No,39850,0,64200,360,1,Urban,Y
LP103675,Male,Yes,0,Graduate,No,250940,0,57800,360,1,Semiurban,Y
LP103676,Male,Yes,2,Not Graduate,No,59870,36857,70000,360,1,Urban,N
LP103677,Male,Yes,0,Not Graduate,No,48530,0,56300,360,1,Semiurban,Y
LP103678,Male,No,2,Graduate,,21760,48177,70000,360,,Rural,N
LP103679,Male,Yes,0,Graduate,No,21730,21680,69600,360,1,Semiurban,Y
LP103680,Female,No,2,Not Graduate,No,25930,17398,70000,360,1,Semiurban,Y
LP103681,Male,Yes,2,Not Graduate,No,42210,0,70000,300,1,Rural,N
LP103682,Male,Yes,1,Not Graduate,No,42070,23289,65600,360,1,Urban,Y
LP103683,Male,No,2,Graduate,,75260,23735,70000,360,1,Semiurban,Y
LP103684,Male,Yes,0,Graduate,No,32620,32242,65800,,1,Rural,Y
LP103685,Male,No,0,Graduate,No,272730,0,69200,360,1,Rural,Y
LP103686,Female,Yes,0,Graduate,No,20950,25875,61500,360,1,Urban,Y
LP103687,Male,Yes,1,Graduate,No,49910,15124,64700,360,,Rural,N
LP103688,Male,Yes,0,Graduate,,67610,16524,70000,360,1,Urban,Y
LP103689,Male,Yes,2,Graduate,No,38520,16297,57500,180,0,Urban,N
LP103690,Male,Yes,0,Graduate,No,36660,9366,70000,360,1,Semiurban,Y
LP103691,Male,No,0,Graduate,,19040,47065,70000,360,1,Semiurban,Y
LP103692,Female,Yes,0,Graduate,No,80370,9974,70000,360,0,Urban,N
LP103693,Male,Yes,0,Not Graduate,No,13810,12323,70000,360,,Urban,N
LP103694,Male,Yes,0,Graduate,No,20070,48426,70000,360,1,Semiurban,Y
LP103695,Female,No,0,Graduate,No,244860,0,70000,180,1,Semiurban,Y
LP103696,Male,Yes,1,Not Graduate,No,26710,0,66500,360,1,Urban,N
LP103697,Male,No,2,Graduate,No,100320,32586,57200,360,0,Semiurban,Y
LP103698,Female,Yes,2,Not Graduate,No,31450,0,70000,180,1,Semiurban,Y
LP103699,Male,Yes,2,Graduate,No,11820,71478,66500,180,,Urban,N
LP103700,Male,Yes,0,Graduate,No,19480,0,61600,360,0,Rural,N
LP103701,Male,Yes,0,Graduate,No,17360,33394,70000,360,1,Semiurban,Y
LP103702,Male,Yes,0,Graduate,No,109140,41488,70000,360,1,Semiurban,Y
LP103703,Female,No,0,Graduate,No,187380,25834,70000,360,1,Urban,Y
LP103704,Male,Yes,3+,Graduate,No,53450,0,70000,360,1,Rural,Y
LP103705,Male,No,0,Graduate,,210640,21403,70000,360,1,Urban,Y
LP103706,Female,Yes,0,Graduate,No,38150,17414,56600,360,1,Rural,Y
LP103707,Female,Yes,2,Graduate,No,25930,0,67900,360,1,Urban,Y
LP103708,Male,Yes,0,Graduate,No,32080,0,70000,360,,Semiurban,N
LP103709,Male,No,0,Graduate,No,16990,0,70000,360,1,Semiurban,Y
LP103710,Male,Yes,2,Graduate,Yes,34830,9991,70000,480,1,Semiurban,Y
LP103711,Male,Yes,0,Not Graduate,No,22150,0,62400,360,1,Semiurban,N
LP103712,Male,No,1,Graduate,No,39470,41680,70000,360,1,Semiurban,Y
LP103713,Male,Yes,2,Graduate,No,55040,0,70000,360,1,Semiurban,Y
LP103714,Female,No,2,Graduate,No,17950,9985,70000,360,1,Semiurban,Y
LP103715,Male,No,1,Not Graduate,Yes,55590,10028,66600,360,1,Rural,Y
LP103716,Female,No,0,Graduate,No,32900,25150,70000,360,0,Urban,N
LP103717,Male,Yes,0,Graduate,No,23540,19260,70000,360,1,Semiurban,Y
LP103718,Male,Yes,0,Graduate,No,19970,12604,70000,360,1,Semiurban,Y
LP103719,Male,No,2,Graduate,No,42040,0,70000,360,0,Semiurban,N
LP103720,Male,Yes,0,Graduate,No,17770,0,70000,360,1,Semiurban,Y
LP103721,Male,Yes,0,Graduate,No,174010,17869,70000,360,1,Urban,Y
LP103722,Male,Yes,1,Graduate,No,46680,0,58100,360,1,Rural,N
LP103723,Male,Yes,1,Graduate,No,40260,40989,70000,360,1,Semiurban,Y
LP103724,Male,Yes,2,Graduate,No,38520,0,66100,360,1,Urban,Y
LP103725,Female,No,1,Graduate,No,30010,19457,67400,360,1,Semiurban,Y
LP103726,Male,Yes,0,Not Graduate,No,46490,18618,59300,180,1,Urban,Y
LP103727,Female,No,0,Graduate,No,37080,11865,70000,360,1,Urban,N
LP103728,Male,No,3+,Graduate,No,89750,0,67400,360,1,Rural,Y
LP103729,Male,Yes,0,Graduate,No,57580,51654,66300,360,1,Semiurban,Y
LP103730,Male,No,0,Graduate,No,20800,11930,65000,360,1,Semiurban,Y
LP103731,Male,No,2,Not Graduate,No,26350,30932,59300,360,1,Urban,Y
LP103732,Female,No,2,Not Graduate,No,31880,0,70000,360,,Urban,N
LP103733,Female,Yes,2,Graduate,No,282440,12070,64200,360,1,Urban,Y
LP103734,Male,Yes,2,Not Graduate,No,41270,0,65100,360,1,Semiurban,N
LP103735,Male,Yes,2,Graduate,No,80930,65491,70000,480,1,Rural,Y
LP103736,Male,Yes,0,Not Graduate,No,21330,0,61500,360,0,Rural,N
LP103737,Female,No,0,Graduate,No,41850,0,70000,360,1,Urban,Y
LP103738,Male,Yes,0,Graduate,No,48420,0,70000,360,1,Semiurban,Y
LP103739,Female,Yes,1,Graduate,No,43860,0,69500,360,0,Urban,N
LP103740,Male,Yes,2,Not Graduate,No,33490,0,67100,360,0,Semiurban,N
LP103741,Male,Yes,2,Graduate,No,34340,0,70000,360,1,Urban,Y
LP103742,Female,Yes,1,Not Graduate,No,37130,16554,60300,360,1,Rural,Y
LP103743,Male,No,3+,Graduate,No,56180,68111,58800,360,1,Urban,Y
LP103744,Male,No,0,Graduate,No,28330,7948,58300,360,1,Rural,Y
LP103745,Male,Yes,0,Not Graduate,No,34990,85000,64700,360,1,Urban,Y
LP103746,Male,Yes,1,Graduate,No,25360,48342,70000,360,1,Semiurban,Y
LP103747,Male,Yes,0,Graduate,No,77460,12970,70000,360,1,Semiurban,Y
LP103748,Male,Yes,2,Graduate,No,47030,48032,62500,360,1,Semiurban,Y
LP103749,Male,Yes,0,Graduate,No,30690,0,70000,360,1,Urban,Y
LP103750,Male,No,,Graduate,No,33220,0,60600,360,1,Rural,Y
LP103751,Male,Yes,0,Not Graduate,No,28020,9835,64200,360,,Urban,N
LP103752,Male,No,0,Graduate,No,27180,8675,70000,360,,Rural,N
LP103753,Female,Yes,0,Not Graduate,No,36970,0,61200,360,1,Urban,N
LP103754,Male,Yes,0,Graduate,No,25740,20803,70000,360,1,Urban,Y
LP103755,Male,Yes,0,Graduate,No,18070,22051,70000,360,1,Rural,Y
LP103756,Male,Yes,2,Not Graduate,No,52980,0,70000,360,1,Semiurban,Y
LP103757,Female,Yes,3+,Graduate,No,14840,22630,70000,360,1,Urban,Y
LP103758,Male,Yes,2,Not Graduate,,279060,8750,69700,360,0,Urban,N
LP103759,Male,Yes,0,Graduate,No,77280,23249,70000,360,,Urban,Y
LP103760,Male,Yes,0,Graduate,No,26510,0,56900,360,1,Urban,Y
LP103761,Male,No,0,Graduate,,35500,25275,69700,480,1,Rural,Y
LP103762,Male,Yes,3+,Graduate,No,139830,0,70000,360,1,Semiurban,Y
LP103763,Male,No,0,Graduate,No,46390,10406,70000,360,,Urban,N
LP103764,Female,No,0,Not Graduate,No,39290,0,70000,360,1,Rural,N
LP103765,Female,Yes,0,Graduate,No,19270,16913,58500,360,1,Semiurban,N
LP103766,Male,No,0,Graduate,No,24240,0,61300,360,1,Semiurban,Y
LP103767,Male,No,0,Graduate,No,26140,0,67200,180,1,Urban,Y
LP103768,Male,Yes,1,Not Graduate,No,63500,34800,65700,360,0,Rural,N
LP103769,Male,No,0,Not Graduate,No,47890,9388,59200,360,1,Semiurban,Y
LP103770,Male,Yes,1,Graduate,No,31570,37438,70000,360,1,Rural,Y
LP103771,Male,Yes,0,Graduate,No,38800,72706,63000,360,1,Semiurban,Y
LP103772,Female,No,2,Not Graduate,No,43450,20289,70000,300,,Rural,N
LP103773,Female,No,0,Not Graduate,No,31680,0,70000,300,0,Urban,N
LP103774,Male,No,0,Graduate,No,38660,0,66400,360,1,Semiurban,Y
LP103775,Male,No,1,Not Graduate,No,33990,27652,70000,360,1,Rural,Y
LP103776,Male,Yes,0,Graduate,No,55990,11282,66300,360,1,Rural,Y
LP103777,Male,No,3+,Graduate,No,20000,0,67900,360,1,Urban,Y
LP103778,Female,Yes,0,Graduate,Yes,15930,0,70000,360,1,Semiurban,Y
LP103779,Male,Yes,0,Graduate,,45760,9326,70000,360,0,Urban,N
LP103780,Male,Yes,0,Not Graduate,,13810,22828,70000,360,1,Semiurban,Y
LP103781,Female,No,0,Graduate,No,111790,18015,63000,360,1,Semiurban,Y
LP103782,Male,Yes,0,Graduate,No,53090,0,58300,360,1,Rural,Y
LP103783,Male,Yes,0,Not Graduate,No,37770,17039,68800,360,1,Semiurban,Y
LP103784,Male,No,0,Not Graduate,No,231890,15190,63100,360,1,Rural,Y
LP103785,Female,Yes,0,Graduate,No,41060,21930,66400,180,1,Rural,Y
LP103786,Male,Yes,1,Graduate,Yes,26950,0,59600,,1,Urban,Y
LP103787,Female,Yes,0,Graduate,No,56890,0,70000,360,1,Urban,Y
LP103788,Male,Yes,0,Graduate,No,33650,11489,70000,360,,Urban,N
LP103789,Male,Yes,0,Not Graduate,No,46350,0,60600,360,1,Urban,N
LP103790,Female,Yes,0,Graduate,Yes,24300,18389,70000,360,1,Semiurban,Y
LP103791,Male,No,2,Graduate,No,36260,34687,58900,360,0,Rural,N
LP103792,Male,Yes,2,Graduate,No,45080,17811,70000,180,1,Urban,Y
LP103793,Male,No,0,Graduate,,52600,41636,70000,360,1,Rural,Y
LP103794,Male,Yes,0,Graduate,No,46790,18193,70000,360,1,Semiurban,Y
LP103795,Female,Yes,3+,Not Graduate,No,20170,9543,70000,360,,Rural,N
LP103796,Male,Yes,0,Not Graduate,No,31730,12542,70000,360,,Rural,N
LP103797,Male,Yes,0,Graduate,No,33470,18706,70000,360,1,Urban,Y
LP103798,Male,No,0,Graduate,No,46200,0,59100,360,1,Urban,N
LP103799,Male,No,2,Graduate,No,35270,0,63200,180,1,Urban,Y
LP103800,Male,Yes,2,Graduate,No,45320,0,60400,360,1,Urban,N
LP103801,Male,Yes,2,Graduate,No,37480,5526,64400,360,1,Semiurban,Y
LP103802,,Yes,1,Graduate,No,23850,16583,69500,360,1,Urban,N
LP103803,Male,No,0,Not Graduate,No,21120,0,70000,360,1,Urban,Y
LP103804,Female,No,2,Graduate,No,47690,45299,57800,360,1,Urban,Y
LP103805,Male,No,3+,Graduate,No,63000,0,62800,360,1,Urban,Y
LP103806,Male,Yes,0,Not Graduate,No,117530,44224,70000,360,1,Urban,Y
LP103807,Male,Yes,1,Graduate,No,38920,0,70000,360,1,Rural,Y
LP103808,Male,Yes,2,Graduate,No,31280,12513,70000,360,1,Rural,Y
LP103809,Male,No,0,Graduate,No,31770,14324,64900,240,,Urban,N
LP103810,Male,Yes,3+,Graduate,No,39310,0,70000,360,1,Urban,Y
LP103811,Male,Yes,1,Graduate,No,39130,18113,60300,360,,Rural,N
LP103812,Male,Yes,3+,Graduate,Yes,44320,0,68500,360,1,Urban,N
LP103813,Male,No,0,Not Graduate,No,62210,31962,61800,,1,Semiurban,Y
LP103814,Male,Yes,0,Graduate,No,18660,3906,69400,360,1,Urban,Y
LP103815,Female,Yes,1,Graduate,Yes,55430,0,70000,360,1,Semiurban,Y
LP103816,Male,No,0,Graduate,No,19680,0,62300,360,1,Rural,Y
LP103817,Male,Yes,0,Graduate,No,32900,8960,70000,360,1,Rural,Y
LP103818,Male,Yes,1,Graduate,No,16180,0,69600,360,1,Urban,Y
LP103819,Female,Yes,0,Graduate,No,46450,28512,70000,360,1,Urban,Y
LP103820,Male,No,2,Graduate,Yes,28080,3820,63700,360,1,Rural,Y
LP103821,Male,No,0,Graduate,No,28470,22872,70000,360,1,Rural,Y
LP103822,Male,Yes,0,Graduate,No,18710,20183,70000,360,0,Semiurban,N
LP103823,Male,Yes,0,Graduate,No,36150,25595,64800,360,1,Semiurban,Y
LP103824,Male,No,0,Graduate,No,143530,10084,70000,360,1,Urban,Y
LP103825,Male,Yes,0,Graduate,Yes,62380,0,70000,180,1,Urban,Y
LP103826,Male,Yes,,Not Graduate,No,33900,0,67200,,0,Semiurban,N
LP103827,Female,No,0,Not Graduate,No,131420,0,70000,360,1,Urban,Y
LP103828,Male,Yes,0,Graduate,No,23920,0,66400,360,1,Semiurban,Y
LP103829,Male,No,3+,Graduate,No,29820,10633,64500,360,1,Rural,Y
LP103830,Male,Yes,2,Graduate,Yes,120420,0,60400,360,1,Rural,Y
LP103831,Male,No,0,Graduate,,373100,7938,64700,360,1,Rural,Y
LP103832,Male,Yes,1,Graduate,No,50730,0,62300,360,1,Semiurban,Y
LP103833,Male,No,0,Graduate,No,70580,0,70000,240,0,Rural,N
LP103834,Male,Yes,3+,Graduate,Yes,33130,0,56900,360,0,Semiurban,N
LP103835,Male,Yes,0,Graduate,No,26940,33743,70000,360,1,Semiurban,Y
LP103836,Male,No,0,Not Graduate,No,27720,54078,57700,360,1,Urban,N
LP103837,Female,Yes,0,Graduate,No,49390,0,70000,180,1,Rural,N
LP103838,Female,,0,Not Graduate,No,29230,65971,70000,360,1,Rural,Y
LP103839,Male,Yes,3+,Graduate,No,27720,0,70000,360,1,Rural,N
LP103840,Male,No,3+,Graduate,Yes,208530,21637,56000,360,1,Urban,Y
LP103841,Male,No,1,Not Graduate,No,65400,0,70000,360,1,Rural,Y
LP103842,Male,No,0,Not Graduate,No,340950,0,68400,360,1,Rural,Y
LP103843,Male,Yes,0,Graduate,No,36930,11505,68700,360,1,Rural,Y
LP103844,Male,No,0,Not Graduate,No,44780,12040,70000,180,1,Semiurban,Y
LP103845,,Yes,1,Graduate,Yes,90090,19624,70000,300,1,Rural,Y
LP103846,Male,Yes,2,Not Graduate,No,30890,20199,70000,360,1,Rural,Y
LP103847,Male,Yes,2,Graduate,No,59530,10093,70000,360,1,Semiurban,Y
LP103848,Male,No,0,Graduate,No,62490,12191,70000,360,0,Urban,N
LP103849,Male,No,0,Graduate,No,71280,0,70000,180,1,Rural,Y
LP103850,Male,Yes,0,Graduate,,46350,36828,65000,360,1,Semiurban,Y
LP103851,Female,No,2,Graduate,No,50310,32867,70000,360,1,Semiurban,Y
LP103852,Male,Yes,1,Graduate,No,84830,7704,70000,300,0,Urban,N
LP103853,Male,No,0,Graduate,No,71550,0,63300,360,1,Urban,Y
LP103854,Male,No,2,Not Graduate,No,31480,0,3400,12,1,Semiurban,Y
LP103855,Male,No,,Graduate,No,32520,0,70000,360,0,Urban,N
LP103856,Male,No,1,Graduate,Yes,296410,25243,63300,360,1,Rural,Y
LP103857,Female,Yes,0,Not Graduate,No,175620,66276,70000,360,0,Urban,N
LP103858,Female,Yes,1,Graduate,No,27250,31549,70000,360,1,Urban,Y
LP103859,Female,Yes,0,Graduate,No,37350,21242,70000,360,1,Rural,Y
LP103860,Male,No,3+,Not Graduate,No,72430,24521,70000,360,,Semiurban,N
LP103861,Male,No,0,Graduate,No,46380,0,70000,360,1,Rural,Y
LP103862,Male,Yes,0,Graduate,No,58990,0,66800,480,1,Urban,Y
LP103863,Male,Yes,0,Graduate,No,107320,10928,70000,360,1,Semiurban,Y
LP103864,Male,Yes,,Graduate,No,22750,5557,56700,,0,Urban,N
LP103865,Female,No,0,Graduate,No,91840,0,70000,180,0,Urban,N
LP103866,Male,No,0,Graduate,No,68910,15833,65700,360,1,Urban,Y
LP103867,Female,Yes,1,Not Graduate,Yes,113150,21743,59200,360,1,Semiurban,Y
LP103868,Female,Yes,0,Graduate,Yes,217950,30299,58700,180,1,Urban,Y
LP103869,Male,Yes,1,Graduate,No,28000,0,70000,360,1,Urban,Y
LP103870,Male,Yes,1,Graduate,,33770,21421,70000,360,1,Urban,Y
LP103871,Female,Yes,1,Graduate,No,32550,0,70000,360,0,Rural,N
LP103872,Male,No,3+,Graduate,,350450,24274,70000,360,1,Rural,Y
LP103873,Male,No,3+,Graduate,No,50670,26912,66400,84,0,Semiurban,N
LP103874,Male,No,0,Graduate,Yes,61730,0,70000,180,1,Urban,Y
LP103875,Male,No,2,Graduate,No,39490,8304,62200,360,1,Semiurban,Y
LP103876,Male,Yes,3+,Graduate,No,169800,12232,59000,360,1,Rural,Y
LP103877,Female,No,0,Graduate,No,97280,25704,61100,360,1,Rural,Y
LP103878,Male,Yes,1,Graduate,Yes,63560,0,70000,360,1,Rural,Y
LP103879,Female,Yes,0,Graduate,No,36750,0,70000,360,1,Rural,Y
LP103880,Male,Yes,0,Not Graduate,No,41830,50207,70000,360,1,Semiurban,Y
LP103881,Male,Yes,0,Graduate,No,40570,0,58000,360,1,Rural,Y
LP103882,Male,Yes,0,Graduate,No,117400,0,60200,120,1,Semiurban,Y
LP103883,Male,Yes,0,Not Graduate,,187560,0,68800,360,1,Urban,Y
LP103884,Female,Yes,3+,Graduate,No,16480,28413,67100,360,1,Semiurban,Y
LP103885,Male,Yes,0,Not Graduate,No,43220,39200,70000,360,1,Semiurban,Y
LP103886,Male,No,2,Graduate,No,49290,16639,61000,360,1,Urban,Y
LP103887,Male,No,0,Graduate,No,20980,15949,69100,360,0,Semiurban,N
LP103888,Female,Yes,2,Not Graduate,No,24830,0,70000,360,1,Rural,N
LP103889,Male,Yes,0,Not Graduate,No,94300,25738,64100,360,1,Urban,Y
LP103890,Male,Yes,1,Graduate,No,77190,22911,70000,360,1,Urban,Y
LP103891,Male,Yes,0,Graduate,No,21250,23608,61000,360,0,Rural,N
LP103892,Female,No,2,Graduate,No,62380,12540,70000,360,,Semiurban,N
LP103893,Male,No,0,Graduate,No,34270,18240,61300,360,1,Urban,Y
LP103894,Female,Yes,0,Graduate,No,25570,0,58200,360,1,Semiurban,Y
LP103895,Female,Yes,2,Graduate,No,197110,16815,65300,360,0,Rural,N
LP103896,Male,No,1,Graduate,No,43970,10616,64900,180,1,Semiurban,Y
LP103897,Female,No,0,Graduate,No,29900,27890,56300,360,0,Rural,N
LP103898,Male,No,0,Not Graduate,No,30780,0,58200,360,1,Rural,N
LP103899,Male,No,0,Graduate,No,79190,14226,70000,360,1,Semiurban,Y
LP103900,Male,Yes,0,Graduate,No,40280,31639,58100,300,1,Semiurban,Y
LP103901,,Yes,1,Graduate,No,19230,0,70000,360,1,Rural,Y
LP103902,Male,Yes,0,Graduate,No,16480,0,55500,360,1,Urban,Y
LP103903,Female,Yes,1,Graduate,No,18320,38566,69900,360,1,Semiurban,Y
LP103904,Male,Yes,0,Graduate,No,95930,83910,68600,300,1,Rural,Y
LP103905,Male,Yes,0,Graduate,,28240,20198,60800,360,1,Semiurban,Y
LP103906,Male,Yes,0,Graduate,No,337000,60249,68100,360,,Semiurban,Y
LP103907,Female,Yes,3+,Graduate,No,92060,0,67600,360,1,Semiurban,Y
LP103908,Male,Yes,0,Graduate,No,62710,33424,57700,180,1,Urban,Y
LP103909,Male,Yes,0,Not Graduate,No,190630,28842,65200,360,1,Semiurban,Y
LP103910,Female,Yes,1,Graduate,Yes,28410,11066,70000,360,1,Semiurban,Y
LP103911,Male,Yes,2,Not Graduate,No,36350,16325,70000,360,1,Semiurban,Y
LP103912,Female,Yes,0,Graduate,No,101780,27458,70000,360,1,Semiurban,Y
LP103913,Male,No,0,Not Graduate,No,55960,19065,60000,,1,Urban,Y
LP103914,Male,No,0,Graduate,No,70790,9114,70000,360,1,Semiurban,Y
LP103915,Male,No,0,Not Graduate,No,33370,0,70000,360,1,Semiurban,Y
LP103916,Male,Yes,1,Not Graduate,No,26370,0,70000,360,,Semiurban,N
LP103917,Male,No,0,Graduate,No,15710,17205,60300,360,0,Rural,N
LP103918,Female,Yes,0,Graduate,No,34460,44831,62500,360,1,Rural,Y
LP103919,Male,Yes,2,Graduate,No,48360,9780,57100,360,1,Semiurban,Y
LP103920,Male,Yes,0,Not Graduate,No,83860,37617,70000,180,1,Semiurban,Y
LP103921,Male,Yes,0,Graduate,No,47310,0,70000,360,1,Semiurban,Y
LP103922,Male,No,0,Graduate,No,32880,10167,57500,180,1,Urban,Y
LP103923,Female,Yes,0,Graduate,No,30790,0,68800,360,1,Rural,Y
LP103924,Male,No,1,Not Graduate,No,59420,0,63600,360,1,Urban,Y
LP103925,Male,No,0,Graduate,No,413880,45640,64300,360,1,Semiurban,Y
LP103926,Female,No,3+,Graduate,No,99630,9236,59100,180,1,Urban,Y
LP103927,Female,No,0,Graduate,No,38790,6257,57000,360,1,Urban,Y
LP103928,Female,No,3+,Not Graduate,No,42100,0,61200,360,1,Rural,N
LP103929,,Yes,1,Not Graduate,No,34060,13670,58400,360,1,Rural,N
LP103930,Female,No,0,Graduate,No,17760,24606,60100,360,1,Rural,Y
LP103931,Male,Yes,3+,Graduate,No,28640,8961,70000,360,0,Semiurban,N
LP103932,Male,Yes,1,Graduate,Yes,9990,17784,70000,360,0,Rural,N
LP103933,Male,Yes,1,Graduate,No,386900,48988,65100,360,0,Semiurban,Y
LP103934,Female,Yes,0,Graduate,No,29640,12598,61200,360,1,Rural,Y
LP103935,Male,Yes,0,Graduate,,44960,9932,70000,360,1,Semiurban,Y
LP103936,Male,Yes,0,Not Graduate,No,41700,28631,61800,360,1,Urban,Y
LP103937,Male,Yes,0,Graduate,No,63240,0,70000,360,1,Urban,Y
LP103938,Female,Yes,0,Graduate,No,125800,16001,70000,360,,Urban,Y
LP103939,Male,Yes,,Graduate,No,24520,11009,59500,360,0,Rural,N
LP103940,Male,Yes,1,Graduate,Yes,32880,0,70000,360,1,Semiurban,Y
LP103941,Male,Yes,0,Graduate,Yes,42950,31280,70000,360,1,Semiurban,Y
LP103942,Male,No,0,Graduate,No,82510,0,70000,360,1,Semiurban,Y
LP103943,Male,Yes,0,Graduate,No,71270,15366,57800,360,1,Rural,Y
LP103944,Female,No,2,Graduate,No,36060,11548,63300,360,1,Rural,Y
LP103945,Male,Yes,0,Graduate,No,12230,30731,59100,360,1,Urban,Y
LP103946,Male,No,2,Not Graduate,No,50720,15272,70000,360,0,Semiurban,N
LP103947,Male,Yes,2,Graduate,No,139070,24641,66100,360,1,Semiurban,Y
LP103948,Female,No,0,Graduate,Yes,18020,13163,61200,180,0,Rural,N
LP103949,Male,No,0,Graduate,No,52050,8519,70000,360,1,Urban,Y
LP103950,Male,No,3+,Graduate,No,41550,0,70000,480,1,Urban,Y
LP103951,Female,Yes,1,Graduate,No,19770,23919,63000,360,1,Semiurban,Y
LP103952,Male,No,3+,Graduate,No,35830,6860,67800,360,1,Rural,Y
LP103953,Female,Yes,2,Graduate,No,61490,11636,60800,360,1,Rural,Y
LP103954,Male,No,0,Graduate,No,25280,20393,60000,360,1,Semiurban,Y
LP103955,Female,No,,Graduate,No,266130,9829,63700,360,1,Semiurban,Y
LP103956,,Yes,0,Graduate,No,37430,0,63700,360,1,Semiurban,Y
LP103957,Male,No,1,Graduate,Yes,44150,0,68000,360,1,Urban,Y
LP103958,Male,No,0,Graduate,No,49730,20099,70000,360,1,Rural,Y
LP103959,Female,Yes,0,Graduate,Yes,30860,11004,59000,360,1,Semiurban,Y
LP103960,Male,Yes,0,Graduate,No,37840,9502,70000,360,1,Rural,Y
LP103961,Male,No,0,Graduate,No,9770,23494,70000,360,1,Semiurban,Y
LP103962,Male,Yes,0,Graduate,No,54680,4380,70000,360,1,Rural,Y
LP103963,Male,Yes,0,Graduate,No,72890,0,70000,360,1,Semiurban,Y
LP103964,Male,No,2,Not Graduate,No,48100,0,57400,180,1,Rural,N
LP103965,Male,Yes,2,Graduate,Yes,91900,0,57400,360,1,Rural,Y
LP103966,Male,Yes,3+,Not Graduate,No,36750,0,70000,360,1,Semiurban,N
LP103967,Male,No,1,Graduate,Yes,26230,0,56500,180,1,Semiurban,Y
LP103968,Male,Yes,2,Not Graduate,No,33530,0,70000,360,1,Semiurban,Y
LP103969,Male,Yes,0,Not Graduate,No,67590,12271,70000,360,1,Urban,Y
LP103970,Male,Yes,0,Graduate,No,25410,0,70000,360,1,Semiurban,Y
LP103971,Male,Yes,0,Graduate,No,29300,0,70000,180,1,Semiurban,Y
LP103972,Male,Yes,0,Graduate,Yes,23700,19461,70000,360,1,Semiurban,Y
LP103973,Male,Yes,1,Graduate,No,75630,21948,69400,360,1,Semiurban,Y
LP103974,,Yes,1,Graduate,No,32500,15176,68800,360,1,Semiurban,Y
LP103975,Male,Yes,0,Graduate,No,18010,0,57800,360,,Rural,N
LP103976,Male,No,0,Graduate,Yes,54170,17255,70000,360,1,Urban,Y
LP103977,Male,No,0,Graduate,No,119880,0,69500,360,1,Urban,Y
LP103978,Male,Yes,0,Not Graduate,No,907500,21630,70000,300,0,Semiurban,N
LP103979,Male,Yes,1,Not Graduate,No,25950,13999,68100,360,1,Rural,N
LP103980,,Yes,1,Not Graduate,No,61040,19352,69000,360,1,Semiurban,Y
LP103981,Male,Yes,2,Graduate,No,19060,0,59800,360,0,Urban,N
LP103982,Male,Yes,3+,Graduate,No,231910,12109,70000,300,1,Urban,Y
LP103983,Male,Yes,0,Graduate,No,84580,34566,58500,360,,Rural,N
LP103984,Male,Yes,0,Not Graduate,No,29770,38995,70000,360,1,Semiurban,N
LP103985,Male,No,1,Not Graduate,No,37530,30159,70000,60,1,Rural,Y
LP103986,Male,Yes,1,Graduate,No,45280,10881,70000,360,0,Semiurban,N
LP103987,Male,Yes,1,Graduate,No,27250,33542,60100,360,1,Semiurban,Y
LP103988,Male,Yes,0,Graduate,No,31310,14191,70000,360,,Urban,N
LP103989,Male,No,0,Graduate,No,23680,0,63000,360,1,Urban,Y
LP103990,Male,Yes,0,Graduate,,44050,0,56200,180,0,Rural,N
LP103991,Male,Yes,,Graduate,Yes,92100,9529,67700,300,1,Urban,Y
LP103992,Male,Yes,0,Not Graduate,No,36800,0,70000,360,0,Rural,N
LP103993,Male,Yes,0,Not Graduate,No,68730,17237,57200,360,1,Urban,N
LP103994,Male,No,3+,Not Graduate,No,44620,0,70000,360,1,Semiurban,N
LP103995,Female,Yes,0,Graduate,No,70620,23378,70000,360,1,Rural,Y
LP103996,Male,No,2,Graduate,No,33460,0,64000,120,1,Semiurban,Y
LP103997,,Yes,0,Graduate,No,56730,0,59600,360,1,Semiurban,Y
LP103998,Male,No,0,Graduate,No,272390,0,70000,360,0,Rural,N
LP103999,Male,Yes,2,Not Graduate,Yes,631790,0,70000,360,1,Semiurban,Y
LP104000,Male,No,0,Graduate,No,189160,21984,70000,180,,Semiurban,Y
LP104001,Male,Yes,1,Graduate,,39730,0,58800,360,1,Rural,Y
LP104002,Male,No,2,Graduate,,31050,22152,66800,180,1,Semiurban,Y
LP104003,Male,Yes,0,Graduate,,111890,20003,70000,360,1,Rural,Y
LP104004,Male,Yes,0,Not Graduate,No,65870,9884,64700,360,0,Semiurban,N
LP104005,Female,Yes,0,Not Graduate,No,60810,0,58000,360,1,Semiurban,Y
LP104006,Male,No,0,Graduate,Yes,294440,16844,63300,360,1,Rural,Y
LP104007,Male,Yes,2,Graduate,No,14010,12555,70000,360,1,Urban,Y
LP104008,Male,No,2,Graduate,Yes,65260,17834,70000,360,1,Semiurban,Y
LP104009,Male,Yes,0,Graduate,No,23220,13356,70000,360,1,Rural,Y
LP104010,Male,No,0,Not Graduate,Yes,53140,25100,70000,360,0,Semiurban,N
LP104011,Male,Yes,0,Graduate,No,32690,0,64000,360,1,Rural,Y
LP104012,Male,Yes,,Graduate,No,30860,0,70000,360,1,Semiurban,Y
LP104013,,No,2,Graduate,No,30520,10396,70000,360,1,Semiurban,Y
LP104014,Male,No,2,Graduate,No,75320,14901,61700,360,1,Rural,Y
LP104015,Female,No,0,Not Graduate,No,62960,45043,70000,360,1,Semiurban,Y
LP104016,Male,Yes,2,Graduate,No,57050,13955,70000,360,0,Rural,N
LP104017,Male,Yes,0,Graduate,No,43660,17820,60000,84,1,Semiurban,Y
LP104018,Female,Yes,0,Graduate,No,77680,0,70000,180,,Rural,N
LP104019,Male,No,3+,Graduate,,42130,8912,70000,360,1,Semiurban,Y
LP104020,Male,Yes,2,Graduate,No,62130,13682,70000,360,0,Semiurban,N
LP104021,Female,Yes,2,Graduate,No,39850,21430,62400,360,0,Semiurban,N
LP104022,Male,No,,Graduate,No,32400,0,67400,360,,Urban,N
LP104023,Female,No,0,Not Graduate,No,47410,0,62700,360,1,Semiurban,Y
LP104024,Male,No,0,Not Graduate,No,100470,0,56000,360,1,Rural,Y
LP104025,Male,Yes,0,Graduate,,53880,8063,57200,360,1,Rural,Y
LP104026,Male,Yes,1,Graduate,No,38540,0,68000,360,1,Rural,Y
LP104027,Male,Yes,0,Graduate,No,87120,9921,67600,360,1,Urban,Y
LP104028,Male,No,0,Not Graduate,No,88950,24611,70000,360,1,Semiurban,Y
LP104029,Male,Yes,2,Graduate,No,39470,22314,64200,360,1,Urban,Y
LP104030,Female,Yes,0,Graduate,No,179170,26461,70000,360,1,Semiurban,Y
LP104031,Female,No,0,Graduate,Yes,59990,0,58600,360,1,Urban,Y
LP104032,Male,No,0,Not Graduate,No,43780,0,58200,360,1,Urban,N
LP104033,Male,No,0,Graduate,No,32660,27069,65000,360,1,Rural,Y
LP104034,Male,No,0,Not Graduate,No,85600,16697,70000,360,1,Urban,Y
LP104035,Male,Yes,0,Graduate,No,23480,0,70000,360,1,Semiurban,Y
LP104036,Male,Yes,0,Graduate,No,59920,16821,65600,360,1,Semiurban,Y
LP104037,Male,Yes,0,Graduate,No,13690,0,66200,360,0,Rural,N
LP104038,Male,Yes,0,Graduate,No,222130,13113,70000,360,1,Rural,Y
LP104039,Female,Yes,0,Graduate,No,34950,22066,70000,360,1,Urban,Y
LP104040,Male,No,0,Not Graduate,No,39660,27674,60300,360,1,Urban,Y
LP104041,Male,Yes,0,Graduate,No,29920,24599,70000,360,1,Rural,Y
LP104042,Male,No,0,Not Graduate,Yes,32390,28166,70000,360,0,Semiurban,N
LP104043,Male,Yes,1,Graduate,No,48020,10315,66500,180,1,Semiurban,Y
LP104044,Female,Yes,3+,Graduate,No,59350,13108,65200,360,,Urban,Y
LP104045,Female,Yes,1,Graduate,No,52370,22538,70000,360,1,Rural,Y
LP104046,Male,Yes,0,Graduate,No,83260,15812,70000,360,1,Semiurban,Y
LP104047,Male,Yes,0,Graduate,No,31110,0,70000,180,0,Urban,N
LP104048,Male,Yes,0,Graduate,No,36090,15073,70000,,,Semiurban,N
LP104049,Male,No,0,Graduate,No,215890,0,63300,360,1,Rural,Y
LP104050,Male,Yes,1,Graduate,No,17590,0,51100,360,1,Rural,Y
LP104051,Male,Yes,0,Graduate,No,22660,9527,70000,360,,Urban,N
LP104052,Male,Yes,0,Graduate,Yes,55830,50461,70000,360,0,Urban,N
LP104053,Male,Yes,0,Graduate,No,34730,0,70000,360,1,Semiurban,Y
LP104054,Male,Yes,0,Not Graduate,No,120720,0,70000,360,1,Semiurban,Y
LP104055,Male,No,0,Not Graduate,No,37570,36305,70000,360,0,Urban,N
LP104056,Male,No,0,Graduate,No,23980,20860,70000,360,0,Rural,N
LP104057,Male,Yes,0,Graduate,No,56460,0,70000,360,1,Rural,Y
LP104058,Male,Yes,3+,Graduate,No,45610,20259,70000,360,1,Urban,Y
LP104059,Female,No,1,Not Graduate,No,57120,3571,58500,360,1,Semiurban,Y
LP104060,Male,Yes,0,Graduate,No,49390,12212,70000,360,0,Semiurban,N
LP104061,Female,No,0,Graduate,No,15970,24571,56600,300,1,Semiurban,Y
LP104062,Male,No,1,Graduate,No,67550,16649,70000,360,0,Urban,N
LP104063,Female,Yes,1,Graduate,No,55900,0,70000,360,,Rural,N
LP104064,Male,No,2,Graduate,No,75210,0,70000,360,1,Urban,Y
LP104065,Female,Yes,0,Not Graduate,No,65790,48367,65400,360,,Semiurban,Y
LP104066,Male,Yes,1,Graduate,Yes,50840,18918,70000,180,1,Urban,Y
LP104067,Male,Yes,3+,Graduate,,17700,15599,61400,360,1,Rural,Y
LP104068,Female,Yes,0,Graduate,No,24910,0,60900,360,1,Semiurban,Y
LP104069,Male,Yes,0,Graduate,No,96710,0,63800,360,1,Rural,Y
LP104070,Male,No,1,Graduate,No,33630,0,70000,180,,Rural,N
LP104071,Male,No,0,Graduate,No,143840,25172,68700,360,1,Semiurban,Y
LP104072,Female,Yes,3+,Graduate,No,137130,49992,70000,360,1,Semiurban,Y
LP104073,Male,Yes,0,Not Graduate,,27510,20320,61300,360,1,Rural,N
LP104074,Male,No,0,Graduate,No,85570,0,63900,360,1,Urban,Y
LP104075,Male,No,0,Graduate,Yes,60510,12526,58100,360,0,Urban,N
LP104076,Male,No,0,Graduate,No,130660,0,70000,360,1,Semiurban,Y
LP104077,Male,No,2,Graduate,Yes,30010,0,62400,360,1,Rural,Y
LP104078,Male,No,0,Graduate,,26660,7776,67300,360,0,Semiurban,N
LP104079,Male,Yes,0,Graduate,No,35070,0,70000,360,1,Urban,Y
LP104080,,No,1,Graduate,No,18490,28527,65100,480,1,Urban,Y
LP104081,Male,Yes,1,Graduate,No,37780,7541,60400,360,0,Semiurban,N
LP104082,Male,No,1,Graduate,,31680,11514,70000,360,1,Rural,Y
LP104083,Male,Yes,1,Graduate,No,42030,40411,68300,360,1,Semiurban,Y
LP104084,Male,Yes,2,Graduate,No,15650,0,55600,360,,Urban,N
LP104085,Male,Yes,0,Graduate,Yes,38340,16424,70000,360,1,Rural,Y
LP104086,Male,Yes,1,Graduate,No,49250,20548,70000,180,1,Rural,Y
LP104087,Male,Yes,0,Graduate,No,85080,0,61100,360,1,Urban,Y
LP104088,Female,Yes,0,Graduate,,31530,11215,62200,360,,Urban,N
LP104089,Female,Yes,0,Graduate,No,59080,18313,70000,360,1,Rural,Y
LP104090,Male,No,0,Graduate,No,85650,17434,58900,360,1,Semiurban,Y
LP104091,Male,Yes,0,Not Graduate,,26470,0,70000,360,1,Semiurban,N
LP104092,Male,Yes,1,Not Graduate,No,18420,6128,70000,360,1,Semiurban,N
LP104093,Female,Yes,0,Graduate,No,17840,0,70000,360,0,Urban,N
LP104094,Male,Yes,2,Graduate,,41060,24534,70000,360,0,Semiurban,N
LP104095,Male,Yes,1,Not Graduate,No,17870,30934,69300,360,1,Semiurban,Y
LP104096,Female,Yes,0,Graduate,No,29290,19745,70000,360,1,Rural,N
LP104097,Male,Yes,0,Graduate,No,75210,0,65500,360,1,Rural,Y
LP104098,Male,Yes,0,Graduate,,228810,15390,59800,360,0,Rural,N
LP104099,Male,No,0,Graduate,No,24380,4972,70000,360,0,Rural,N
LP104100,Male,Yes,0,Graduate,No,26340,0,66700,360,1,Rural,Y
LP104101,Male,Yes,2,Not Graduate,No,33100,9999,60100,360,1,Semiurban,N
LP104102,Male,Yes,0,Not Graduate,No,34320,0,61300,360,1,Semiurban,N
LP104103,Male,No,0,Graduate,No,37690,0,60400,360,1,Urban,Y
LP104104,Male,Yes,0,Graduate,No,116730,12241,70000,360,1,Semiurban,Y
LP104105,Female,No,0,Graduate,No,39280,23570,70000,360,1,Urban,Y
LP104106,Male,Yes,0,Graduate,No,22290,42157,70000,180,,Semiurban,Y
LP104107,Male,Yes,1,Graduate,No,125920,18286,70000,360,1,Semiurban,Y
LP104108,Male,No,1,Graduate,No,204330,0,69600,360,1,Rural,Y
LP104109,Female,Yes,2,Graduate,Yes,40430,0,70000,360,1,Semiurban,Y
LP104110,Female,Yes,0,Graduate,No,55900,0,69900,180,1,Urban,Y
LP104111,Female,Yes,1,Graduate,Yes,41430,0,70000,360,1,Rural,Y
LP104112,Male,No,0,Graduate,No,92510,22460,65700,360,1,Rural,Y
LP104113,Male,Yes,0,Graduate,No,21760,0,70000,360,1,Semiurban,Y
LP104114,Male,No,2,Graduate,No,38230,17724,70000,360,0,Semiurban,Y
LP104115,Male,Yes,2,Graduate,No,33150,0,70000,360,1,Urban,Y
LP104116,Male,Yes,0,Graduate,No,123680,0,61800,360,1,Urban,Y
LP104117,Male,Yes,0,Graduate,No,15610,13008,59600,360,1,Semiurban,Y
LP104118,Male,No,3+,Graduate,Yes,37960,19900,68000,360,1,Urban,Y
LP104119,Male,Yes,2,Not Graduate,No,22920,38639,70000,360,1,Urban,Y
LP104120,Male,No,,Graduate,No,24650,32346,70000,360,1,Rural,Y
LP104121,Male,No,1,Not Graduate,No,44120,12269,56400,360,1,Rural,Y
LP104122,Male,Yes,0,Graduate,No,387610,0,70000,360,1,Rural,Y
LP104123,Female,Yes,0,Graduate,No,21270,0,70000,360,1,Rural,Y
LP104124,Male,Yes,1,Not Graduate,No,55060,32956,62200,360,1,Semiurban,Y
LP104125,Male,Yes,1,Not Graduate,No,26920,41692,64600,360,1,Urban,N
LP104126,Male,Yes,0,Graduate,No,32530,21500,70000,360,1,Rural,N
LP104127,Male,Yes,0,Not Graduate,No,40930,0,60500,360,1,Urban,N
LP104128,Male,Yes,0,Graduate,No,123250,29409,68600,360,1,Urban,Y
LP104129,Male,Yes,0,Not Graduate,No,52030,0,70000,360,1,Urban,Y
LP104130,Male,Yes,0,Graduate,No,16570,0,70000,360,1,Urban,Y
LP104131,Female,No,0,Graduate,No,65480,6668,70000,360,1,Urban,Y
LP104132,Male,Yes,0,Graduate,No,57940,35547,59400,360,1,Semiurban,Y
LP104133,Male,Yes,0,Not Graduate,No,22280,14131,56000,180,1,Rural,Y
LP104134,Male,Yes,0,Not Graduate,No,22130,15893,70000,480,1,Urban,N
LP104135,Male,Yes,1,Not Graduate,No,31690,0,62000,360,1,Semiurban,N
LP104136,Male,Yes,0,Graduate,No,213280,39687,70000,360,1,Semiurban,Y
LP104137,Male,No,0,Graduate,,68230,0,70000,360,1,Semiurban,Y
LP104138,Male,Yes,2,Graduate,No,95340,15947,70000,480,1,Urban,Y
LP104139,Male,No,2,Graduate,No,17060,11149,70000,300,,Rural,N
LP104140,Female,No,3+,Not Graduate,No,56200,47664,70000,360,,Urban,N
LP104141,Male,Yes,0,Graduate,No,20890,0,58600,360,0,Rural,N
LP104142,Male,Yes,1,Graduate,No,93630,17796,67800,360,0,Semiurban,Y
LP104143,Male,Yes,3+,Graduate,Yes,41300,0,63200,360,0,Rural,N
LP104144,Male,No,1,Graduate,No,82190,23319,58900,360,,Urban,Y
LP104145,Female,No,1,Graduate,No,100530,17924,66700,360,1,Semiurban,Y
LP104146,Male,Yes,0,Graduate,No,46550,0,70000,84,1,Urban,Y
LP104147,Male,Yes,1,Not Graduate,No,36510,13915,59800,360,1,Urban,Y
LP104148,Male,Yes,0,Graduate,No,34650,0,70000,360,1,Rural,Y
LP104149,Male,No,,Not Graduate,No,34990,0,70000,360,1,Semiurban,N
LP104150,Male,No,0,Graduate,Yes,30820,0,64900,360,1,Semiurban,Y
LP104151,Male,Yes,1,Graduate,No,32400,47182,59500,180,1,Urban,Y
LP104152,Male,No,2,Not Graduate,No,46860,0,70000,360,0,Rural,N
LP104153,Male,No,1,Not Graduate,No,31870,27467,67000,360,1,Urban,Y
LP104154,Male,No,0,Graduate,No,31330,36551,70000,360,1,Urban,Y
LP104155,Male,Yes,1,Graduate,No,42990,0,70000,360,1,Rural,Y
LP104156,Male,Yes,1,Graduate,No,34690,0,70000,360,1,Semiurban,Y
LP104157,Male,Yes,1,Graduate,No,44530,0,70000,180,1,Urban,Y
LP104158,Male,Yes,2,Graduate,No,17950,9196,70000,360,1,Semiurban,Y
LP104159,Male,No,2,Graduate,No,65260,0,70000,360,1,Urban,Y
LP104160,Male,Yes,1,Graduate,No,38820,51128,64200,360,,Rural,N
LP104161,Male,No,1,Graduate,No,99370,26514,70000,360,1,Semiurban,Y
LP104162,Female,Yes,0,Graduate,No,45610,6136,67000,360,1,Rural,Y
LP104163,Male,No,0,Graduate,Yes,28520,11270,70000,360,1,Semiurban,Y
LP104164,Male,No,3+,Graduate,No,27530,16345,70000,360,1,Rural,Y
LP104165,Male,Yes,3+,Graduate,No,29440,5514,70000,360,1,Rural,N
LP104166,Female,Yes,1,Graduate,No,50970,9499,70000,360,1,Rural,Y
LP104167,Male,No,0,Graduate,No,40540,62758,58300,360,1,Rural,Y
LP104168,Male,Yes,2,Graduate,No,76950,3962,69200,360,1,Urban,Y
LP104169,Male,No,1,Graduate,No,32010,0,70000,360,1,Rural,Y
LP104170,Male,Yes,2,Not Graduate,No,258630,58547,70000,360,1,Urban,Y
LP104171,Male,No,2,Graduate,No,20930,24358,70000,300,1,Urban,Y
LP104172,Male,Yes,1,Graduate,No,29530,16967,70000,360,1,Urban,Y
LP104173,Male,No,2,Graduate,No,119670,7338,70000,360,1,Semiurban,Y
LP104174,Male,Yes,0,Graduate,No,40810,0,70000,360,1,Urban,Y
LP104175,Male,Yes,3+,Not Graduate,No,44930,0,70000,360,,Urban,N
LP104176,Female,No,1,Not Graduate,No,59340,0,59300,360,0,Semiurban,N
LP104177,Male,No,0,Graduate,No,38050,0,70000,180,1,Rural,Y
LP104178,Male,Yes,0,Graduate,No,41820,14294,70000,360,1,Semiurban,Y
LP104179,Male,Yes,0,Graduate,No,157000,14716,70000,360,0,Rural,N
LP104180,Male,Yes,2,Graduate,No,48160,14484,68200,480,1,Semiurban,Y
LP104181,Male,Yes,3+,Graduate,No,43140,0,58400,360,1,Rural,Y
LP104182,Male,No,0,Graduate,No,131270,35533,56400,360,1,Rural,Y
LP104183,Male,Yes,0,Graduate,No,35570,6240,70000,360,1,Urban,N
LP104184,Male,Yes,1,Graduate,No,64240,0,70000,360,1,Rural,Y
LP104185,Male,Yes,0,Not Graduate,No,77580,12214,70000,360,0,Semiurban,N
LP104186,Male,Yes,3+,Not Graduate,No,27840,0,70000,360,1,Urban,N
LP104187,Male,No,0,Graduate,No,67580,0,63800,360,1,Urban,Y
LP104188,Male,Yes,3+,Graduate,No,13920,118804,70000,180,1,Semiurban,Y
LP104189,Female,Yes,0,Graduate,Yes,58560,20672,70000,360,1,Rural,Y
LP104190,Male,Yes,0,Not Graduate,Yes,35520,21459,70000,360,1,Semiurban,Y
LP104191,Male,Yes,0,Graduate,No,46030,0,61100,360,1,Rural,Y
LP104192,Male,Yes,3+,Not Graduate,No,48670,25234,70000,360,,Semiurban,N
LP104193,Male,No,1,Not Graduate,Yes,37900,16062,70000,360,1,Semiurban,Y
LP104194,Male,Yes,0,Graduate,No,34010,0,70000,360,,Semiurban,N
LP104195,Male,No,0,Graduate,No,33350,0,70000,360,0,Urban,N
LP104196,Female,No,0,Graduate,,60640,25815,70000,360,1,Rural,Y
LP104197,Male,Yes,0,Graduate,No,9690,26799,64300,360,,Rural,N
LP104198,Male,No,0,Not Graduate,No,39740,17879,68000,360,1,Urban,N
LP104199,,,2,Not Graduate,No,30560,35492,70000,360,1,Rural,Y
LP104200,Male,Yes,0,Graduate,No,55760,0,67100,360,1,Semiurban,Y
LP104201,Female,Yes,0,Graduate,No,25710,23082,70000,360,0,Semiurban,N
LP104202,Male,No,0,Not Graduate,No,23510,0,70000,480,1,Semiurban,Y
LP104203,Male,Yes,0,Not Graduate,Yes,19570,0,58400,,1,Semiurban,Y
LP104204,Female,Yes,0,Graduate,No,91720,0,61100,360,0,Rural,N
LP104205,Male,No,0,Graduate,No,53670,0,70000,300,0,Urban,N
LP104206,Male,Yes,0,Graduate,No,55900,0,70000,360,,Rural,N
LP104207,Male,No,1,Graduate,No,181750,27935,70000,360,1,Urban,Y
LP104208,Female,No,0,Graduate,Yes,182090,0,70000,360,1,Semiurban,Y
LP104209,Male,Yes,3+,Graduate,No,27280,23429,57600,360,1,Rural,Y
LP104210,Male,Yes,0,Graduate,No,52190,28429,70000,360,,Semiurban,Y
LP104211,Male,Yes,0,Graduate,Yes,62160,0,58000,360,1,Urban,Y
LP104212,Male,Yes,0,Graduate,No,50070,22325,64600,360,0,Semiurban,Y
LP104213,Male,Yes,0,Not Graduate,No,58930,0,70000,360,1,Semiurban,Y
LP104214,Male,Yes,0,Graduate,Yes,35970,10652,70000,300,,Urban,N
LP104215,,Yes,2,Not Graduate,No,33830,11564,70000,360,1,Urban,Y
LP104216,Female,Yes,0,Graduate,No,26860,16579,68400,360,1,Semiurban,Y
LP104217,Male,No,0,Graduate,No,83040,0,65800,360,0,Rural,N
LP104218,Male,No,1,Graduate,No,31690,0,70000,360,1,Rural,Y
LP104219,Male,Yes,1,Graduate,No,15520,0,11500,60,0,Urban,N
LP104220,Male,No,0,Graduate,Yes,40070,0,58600,300,1,Semiurban,Y
LP104221,Male,Yes,0,Graduate,No,36420,11074,60300,360,1,Semiurban,Y
LP104222,Male,Yes,2,Graduate,No,48980,31733,56200,360,1,Urban,Y
LP104223,Male,Yes,0,Graduate,Yes,17660,0,70000,360,1,Rural,Y
LP104224,Male,No,0,Graduate,No,25830,0,65600,360,0,Semiurban,N
LP104225,Female,Yes,0,Not Graduate,No,25750,0,70000,360,1,Rural,N
LP104226,Male,Yes,1,Not Graduate,No,23850,29741,70000,360,1,Rural,N
LP104227,Male,Yes,0,Graduate,No,33360,0,70000,360,1,Rural,Y
LP104228,Male,No,2,Graduate,No,113990,0,64400,360,1,Rural,Y
LP104229,Male,No,0,Graduate,,14770,26472,56200,360,1,Semiurban,Y
LP104230,Male,Yes,2,Graduate,No,20840,0,65600,360,1,Urban,Y
LP104231,Male,Yes,1,Not Graduate,No,138480,21354,70000,360,1,Rural,Y
LP104232,Male,No,0,Graduate,No,67160,0,70000,360,,Rural,N
LP104233,Female,Yes,0,Graduate,No,20200,0,62700,360,1,Rural,Y
LP104234,Male,Yes,1,Graduate,No,9350,20189,68600,360,1,Rural,N
LP104235,Female,Yes,2,Not Graduate,No,393520,0,70000,360,1,Rural,Y
LP104236,Female,Yes,0,Graduate,No,63580,0,70000,360,,Rural,N
LP104237,Male,Yes,0,Graduate,No,40010,13462,61000,360,0,Semiurban,N
LP104238,Male,Yes,1,Not Graduate,No,52350,10082,70000,360,1,Semiurban,Y
LP104239,Female,No,2,Graduate,No,45110,24486,70000,360,1,Rural,Y
LP104240,Male,No,0,Not Graduate,Yes,252380,0,58500,360,,Semiurban,N
LP104241,Male,Yes,3+,Graduate,Yes,126040,22880,70000,360,1,Semiurban,Y
LP104242,Male,Yes,2,Graduate,No,28950,17805,68600,360,1,Urban,Y
LP104243,Male,Yes,0,Graduate,Yes,16420,0,70000,360,,Semiurban,N
LP104244,Male,No,0,Graduate,No,88050,0,70000,360,,Semiurban,N
LP104245,Male,Yes,3+,Graduate,No,104500,13202,70000,360,0,Semiurban,Y
LP104246,Male,Yes,2,Graduate,No,38990,0,65600,360,1,Rural,Y
LP104247,Male,No,1,Graduate,No,25140,35426,61300,360,1,Urban,Y
LP104248,Male,No,3+,Not Graduate,No,36410,0,69100,360,1,Semiurban,Y
LP104249,Female,Yes,0,Graduate,No,36250,14851,58700,360,1,Semiurban,Y
LP104250,Female,No,0,Not Graduate,No,39040,0,70000,360,1,Urban,N
LP104251,Male,No,2,Graduate,No,52770,0,70000,360,1,Rural,Y
LP104252,Male,No,0,Not Graduate,No,79400,12182,70000,360,0,Semiurban,N
LP104253,Female,Yes,0,Not Graduate,No,111340,0,70000,360,0,Urban,N
LP104254,Male,Yes,0,Graduate,No,19860,0,70000,360,1,Urban,Y
LP104255,Male,Yes,1,Graduate,No,25180,0,70000,360,1,Semiurban,Y
LP104256,Male,Yes,0,Graduate,No,100390,30553,58000,360,1,Rural,Y
LP104257,Male,Yes,0,Not Graduate,No,40970,20307,66000,360,1,Urban,Y
LP104258,Male,Yes,0,Graduate,No,53390,0,70000,360,1,Rural,Y
LP104259,Male,No,0,Graduate,No,34220,22854,69700,360,1,Semiurban,Y
LP104260,Male,No,1,Graduate,,34750,21201,65800,360,0,Rural,N
LP104261,Female,No,3+,Graduate,No,28010,0,70000,360,1,Rural,Y
LP104262,Male,Yes,0,Graduate,Yes,12150,16681,68700,360,,Urban,N
LP104263,Male,Yes,0,Graduate,No,69060,31518,70000,360,,Rural,Y
LP104264,Male,Yes,1,Graduate,Yes,56210,37959,57000,360,1,Rural,Y
LP104265,Male,Yes,3+,Graduate,No,37890,20353,61700,360,1,Urban,Y
LP104266,Male,Yes,0,Graduate,No,27570,14957,70000,360,1,Urban,Y
LP104267,Male,Yes,3+,Graduate,No,48030,0,70000,360,1,Semiurban,Y
LP104268,Male,Yes,3+,Graduate,No,62580,16629,62300,180,0,Rural,N
LP104269,Male,Yes,1,Graduate,No,29730,0,69300,360,,Rural,N
LP104270,Male,Yes,2,Graduate,No,36410,0,70000,180,1,Urban,N
LP104271,Male,Yes,3+,Graduate,No,47720,7603,70000,360,1,Semiurban,Y
LP104272,Male,Yes,3+,Graduate,No,12950,12994,59800,360,1,Rural,Y
LP104273,Male,No,2,Graduate,No,21020,13329,70000,360,1,Rural,Y
LP104274,Female,Yes,0,Graduate,No,34060,13775,66300,360,0,Semiurban,N
LP104275,Male,No,0,Graduate,No,319350,0,70000,360,1,Semiurban,Y
LP104276,Male,No,2,Graduate,Yes,42170,0,70000,360,0,Urban,N
LP104277,Male,No,3+,Graduate,No,41680,26263,63300,360,,Semiurban,Y
LP104278,Male,No,2,Not Graduate,No,21800,33727,70000,360,1,Rural,Y
LP104279,Male,Yes,0,Not Graduate,No,35180,0,62000,360,0,Semiurban,N
LP104280,Male,Yes,1,Graduate,No,49230,9504,69300,360,1,Rural,Y
LP104281,Male,No,0,Graduate,No,18090,29535,70000,360,0,Semiurban,N
LP104282,Female,No,0,Graduate,No,167440,10523,56400,360,1,Semiurban,Y
LP104283,Male,No,0,Not Graduate,No,24610,35520,68900,180,0,Semiurban,N
LP104284,Male,Yes,0,Graduate,No,21310,48445,70000,180,1,Rural,Y
LP104285,Male,No,1,Graduate,Yes,24270,0,70000,360,1,Rural,Y
LP104286,Male,No,3+,Graduate,No,48520,14845,58400,360,1,Urban,Y
LP104287,Female,Yes,1,Not Graduate,No,47760,13044,58000,360,0,Rural,N
LP104288,Female,No,1,Graduate,No,33830,0,70000,360,1,Semiurban,Y
LP104289,Male,No,3+,Graduate,No,37080,0,59100,360,1,Urban,Y
LP104290,Female,Yes,3+,Not Graduate,No,23190,28200,68300,360,0,Semiurban,N
LP104291,Male,Yes,0,Graduate,No,28900,0,66500,360,1,Semiurban,Y
LP104292,Male,No,0,Graduate,Yes,32850,9956,64800,360,1,Semiurban,Y
LP104293,Female,Yes,2,Graduate,No,11490,16122,54200,180,1,Urban,N
LP104294,Male,Yes,0,Not Graduate,,107820,0,70000,360,1,Urban,Y
LP104295,Male,No,0,Graduate,Yes,51820,17873,65300,300,1,Urban,Y
LP104296,Male,Yes,0,Graduate,No,32340,0,60300,360,0,Semiurban,N
LP104297,Female,Yes,2,Not Graduate,No,36770,25106,70000,180,1,Urban,Y
LP104298,Male,No,0,Graduate,No,21400,0,56000,360,0,Semiurban,N
LP104299,Female,No,0,Graduate,No,60110,27773,63800,360,0,Rural,N
LP104300,Male,Yes,0,Graduate,No,50300,23522,64500,360,1,Semiurban,Y
LP104301,Male,Yes,2,Graduate,No,135170,27073,58500,360,0,Urban,N
LP104302,Male,No,0,Graduate,No,47510,14620,70000,360,1,Semiurban,Y
LP104303,Male,Yes,0,Graduate,Yes,28120,19220,56100,360,1,Semiurban,Y
LP104304,Male,Yes,1,Not Graduate,No,73100,8597,70000,360,1,Urban,Y
LP104305,Male,Yes,2,Graduate,Yes,55380,0,70000,360,0,Urban,N
LP104306,Female,Yes,2,Graduate,No,147470,18641,60900,180,1,Semiurban,Y
LP104307,Male,No,0,Not Graduate,No,39360,20930,58700,360,1,Urban,Y
LP104308,Male,No,2,Graduate,No,32930,44201,69500,,1,Urban,Y
LP104309,Male,Yes,0,Graduate,No,51120,10998,70000,360,1,Urban,Y
LP104310,Male,Yes,0,Not Graduate,No,125570,6746,60900,360,1,Rural,Y
LP104311,Female,Yes,0,Graduate,,33630,48995,58600,360,1,Semiurban,Y
LP104312,Female,Yes,0,Graduate,No,36750,0,70000,360,1,Semiurban,Y
LP104313,Male,No,0,Graduate,,40390,8489,70000,360,1,Semiurban,Y
LP104314,Male,Yes,1,Graduate,No,27590,14436,68900,360,1,Urban,Y
LP104315,Female,Yes,0,Graduate,No,31550,39010,64800,360,0,Semiurban,N
LP104316,Female,Yes,0,Not Graduate,,46790,0,70000,360,1,Rural,N
LP104317,Male,Yes,0,Graduate,No,22080,20962,57100,360,1,Urban,Y
LP104318,Male,Yes,2,Graduate,No,45550,35835,70000,360,0,Semiurban,N
LP104319,Male,No,1,Graduate,No,74140,9833,70000,360,1,Semiurban,Y
LP104320,Male,Yes,0,Not Graduate,,25270,8502,56500,360,1,Urban,N
LP104321,Male,Yes,0,Graduate,No,32770,23918,64400,360,,Semiurban,N
LP104322,Male,No,3+,Graduate,Yes,56770,0,70000,360,1,Rural,Y
LP104323,Male,Yes,0,Graduate,No,35180,14923,62000,360,1,Urban,Y
LP104324,Male,Yes,0,Graduate,No,38980,10954,70000,360,1,Semiurban,Y
LP104325,Male,No,3+,Graduate,No,93230,0,70000,360,1,Urban,Y
LP104326,Male,No,0,Not Graduate,No,17660,20200,70000,360,1,Semiurban,N
LP104327,Male,No,0,Graduate,No,90500,18154,67300,360,,Semiurban,Y
LP104328,Male,Yes,0,Not Graduate,No,33420,0,70000,360,1,Semiurban,Y
LP104329,Male,Yes,0,Graduate,No,30990,16226,70000,360,1,Semiurban,Y
LP104330,Male,Yes,0,Graduate,No,67530,0,62700,360,1,Rural,Y
LP104331,,Yes,0,Graduate,No,13450,45372,69300,360,1,Rural,Y
LP104332,Male,Yes,0,Graduate,No,19180,15407,70000,360,1,Urban,Y
LP104333,Male,Yes,0,Graduate,Yes,30010,25738,70000,360,1,Semiurban,Y
LP104334,Male,Yes,1,Not Graduate,No,17730,23858,70000,360,1,Semiurban,Y
LP104335,Male,Yes,0,Graduate,No,90530,7980,70000,360,1,Urban,Y
LP104336,Male,Yes,3+,Graduate,No,39650,12154,68200,360,1,Rural,Y
LP104337,Female,No,0,Graduate,No,44100,18289,60000,360,1,Urban,Y
LP104338,Female,No,2,Not Graduate,No,27280,24229,56400,180,1,Urban,N
LP104339,Male,No,3+,Not Graduate,No,82000,0,66900,360,1,Semiurban,Y
LP104340,Male,Yes,2,Not Graduate,No,33410,0,44100,84,0,Urban,N
LP104341,Female,Yes,2,Graduate,Yes,50330,8322,70000,360,1,Semiurban,Y
LP104342,Male,Yes,2,Graduate,Yes,23670,24005,70000,360,1,Urban,N
LP104343,Male,No,0,Graduate,No,71000,22381,70000,360,,Semiurban,N
LP104344,Male,No,0,Graduate,No,31620,18073,65100,180,0,Semiurban,N
LP104345,Male,Yes,0,Graduate,No,20740,25986,58200,360,1,Urban,N
LP104346,Male,Yes,1,Graduate,No,54150,13785,66200,240,,Urban,N
LP104347,Male,No,2,Not Graduate,No,29460,0,64100,360,1,Urban,N
LP104348,Male,Yes,0,Graduate,Yes,41030,13913,70000,360,1,Urban,Y
LP104349,Male,Yes,0,Graduate,No,35340,0,10700,12,1,Urban,Y
LP104350,Male,Yes,3+,Not Graduate,No,93660,15590,59900,360,1,Urban,Y
LP104351,Female,Yes,0,Graduate,No,30980,12260,70000,360,1,Urban,Y
LP104352,Male,No,3+,Not Graduate,No,50890,0,63700,360,1,Urban,Y
LP104353,Male,Yes,3+,Graduate,No,33550,12246,69700,360,1,Rural,Y
LP104354,Female,No,,Not Graduate,No,65980,42376,64500,360,1,Urban,Y
LP104355,Male,Yes,0,Graduate,No,27780,5900,70000,360,1,Rural,Y
LP104356,Male,Yes,0,Not Graduate,No,57290,11990,59700,300,1,Semiurban,Y
LP104357,Male,Yes,1,Graduate,Yes,214690,5544,56200,360,1,Semiurban,Y
LP104358,Male,No,0,Graduate,No,54400,8742,69500,360,1,Semiurban,Y
LP104359,Male,Yes,2,Graduate,No,50580,18236,70000,360,1,Semiurban,Y
LP104360,Male,Yes,0,Graduate,No,75370,14163,70000,360,1,Semiurban,Y
LP104361,Male,Yes,1,Graduate,No,49580,19266,60200,360,1,Urban,Y
LP104362,Female,Yes,0,Graduate,No,189700,59187,56800,360,1,Semiurban,Y
LP104363,Male,No,3+,Graduate,No,18000,0,60400,360,1,Urban,Y
LP104364,Male,No,1,Graduate,No,75380,19249,70000,360,0,Rural,N
LP104365,Male,Yes,2,Not Graduate,No,24290,0,70000,360,1,Semiurban,Y
LP104366,Male,Yes,1,Graduate,No,20000,16141,70000,360,1,Urban,N
LP104367,Male,No,2,Graduate,No,55120,0,58600,360,,Urban,N
LP104368,Female,No,0,Not Graduate,No,123750,44769,57000,360,1,Urban,Y
LP104369,Male,No,0,Not Graduate,No,18940,17950,70000,360,1,Urban,N
LP104370,Female,No,1,Graduate,No,63010,22489,56600,360,1,Urban,Y
LP104371,Male,No,,Graduate,No,54260,14046,67300,360,1,Rural,Y
LP104372,Female,Yes,1,Graduate,No,11270,0,61900,360,,Semiurban,N
LP104373,Male,Yes,3+,Graduate,No,39810,23497,70000,360,1,Rural,Y
LP104374,Female,Yes,0,Graduate,No,43670,37951,67200,360,1,Semiurban,Y
LP104375,Male,Yes,1,Graduate,,22480,0,70000,360,1,Rural,N
LP104376,Male,Yes,3+,Graduate,No,49440,36978,66800,360,1,Rural,Y
LP104377,Male,No,3+,Not Graduate,Yes,16350,21903,70000,360,0,Rural,N
LP104378,Male,Yes,0,Not Graduate,,29010,0,70000,180,1,Semiurban,N
LP104379,Male,No,3+,Graduate,,35090,0,65000,,1,Urban,Y
LP104380,Female,Yes,0,Graduate,No,164580,13497,59800,360,0,Rural,N
LP104381,Female,No,0,Graduate,No,89060,18455,70000,360,1,Rural,Y
LP104382,Male,Yes,0,Graduate,No,22320,9425,70000,360,1,Rural,Y
LP104383,Male,Yes,0,Graduate,No,200820,9075,70000,360,1,Rural,Y
LP104384,Male,No,2,Graduate,No,49130,0,58300,360,1,Urban,Y
LP104385,Male,Yes,1,Graduate,No,176330,0,65800,360,1,Urban,Y
LP104386,Male,Yes,0,Graduate,No,16740,12041,70000,180,,Semiurban,N
LP104387,Male,Yes,0,Not Graduate,Yes,62310,10036,56100,360,1,Rural,Y
LP104388,Male,Yes,0,Graduate,No,29540,23857,70000,360,1,Semiurban,Y
LP104389,Male,No,0,Not Graduate,No,51790,15548,67200,360,1,Semiurban,Y
LP104390,Male,Yes,,Not Graduate,No,93340,0,70000,360,1,Urban,Y
LP104391,Male,Yes,3+,Graduate,No,69050,51325,70000,360,0,Semiurban,N
LP104392,Male,Yes,0,Graduate,No,56560,19030,65900,360,1,Semiurban,Y
LP104393,Female,No,0,Graduate,Yes,25300,0,70000,360,1,Urban,Y
LP104394,Male,Yes,1,Not Graduate,No,81170,24738,70000,360,1,Rural,Y
LP104395,Male,No,0,Not Graduate,Yes,171720,0,70000,360,1,Rural,Y
LP104396,Male,Yes,0,Graduate,No,68410,26712,70000,360,1,Rural,Y
LP104397,Male,Yes,1,Graduate,No,18510,33988,63700,180,,Semiurban,Y
LP104398,Male,Yes,1,Graduate,No,23230,14360,70000,360,1,Rural,Y
LP104399,Male,No,1,Graduate,No,40740,59873,70000,360,0,Semiurban,N
LP104400,Male,Yes,0,Graduate,No,147560,0,70000,180,1,Semiurban,Y
LP104401,Male,Yes,2,Graduate,No,192260,0,70000,360,,Semiurban,Y
LP104402,Female,Yes,,Graduate,No,33520,0,67700,360,0,Rural,N
LP104403,Male,No,0,Graduate,No,46300,0,70000,180,1,Semiurban,Y
LP104404,Female,No,0,Not Graduate,No,54280,14916,70000,360,1,Urban,Y
LP104405,Male,No,1,Graduate,No,81660,0,70000,360,0,Semiurban,N
LP104406,Female,No,2,Graduate,No,153370,0,70000,360,1,Rural,Y
LP104407,Male,No,1,Graduate,No,180090,26961,62100,360,1,Rural,Y
LP104408,Female,No,0,Graduate,No,44010,0,70000,360,1,Semiurban,Y
LP104409,Male,Yes,1,Not Graduate,Yes,53100,12484,70000,360,1,Urban,Y
LP104410,Male,No,1,Graduate,,28320,0,59100,360,1,Semiurban,Y
LP104411,Male,Yes,2,Graduate,No,22190,23536,70000,360,1,Rural,Y
LP104412,Male,Yes,0,Not Graduate,No,51690,23795,59900,360,1,Urban,N
LP104413,Male,Yes,2,Graduate,No,77350,18020,69400,360,1,Semiurban,Y
LP104414,Male,Yes,0,Graduate,Yes,49190,9392,57300,360,1,Semiurban,Y
LP104415,Male,Yes,0,Not Graduate,Yes,30580,27444,63000,360,1,Urban,Y
LP104416,Male,Yes,2,Graduate,No,53350,15157,70000,360,1,Urban,Y
LP104417,Male,No,1,Graduate,No,35250,0,70000,180,1,Urban,Y
LP104418,Male,Yes,0,Graduate,Yes,18380,14594,65100,360,0,Urban,N
LP104419,Male,Yes,0,Graduate,No,54350,25533,65400,360,1,Urban,Y
LP104420,Male,No,0,Graduate,No,45610,18629,57600,360,1,Rural,Y
LP104421,Male,Yes,2,Not Graduate,Yes,36520,12166,60600,360,0,Semiurban,N
LP104422,Male,No,0,Graduate,No,49860,0,70000,360,1,Semiurban,Y
LP104423,Male,Yes,3+,Graduate,No,44000,24289,70000,360,1,Urban,Y
LP104424,Female,No,3+,Not Graduate,No,97430,4967,70000,360,1,Semiurban,Y
LP104425,Male,No,0,Not Graduate,No,59650,0,68400,360,,Rural,N
LP104426,Male,No,2,Graduate,No,100230,10774,70000,360,1,Urban,Y
LP104427,Male,No,,Graduate,No,49740,14291,57300,360,,Urban,N
LP104428,Male,Yes,0,Graduate,No,252340,26181,63400,360,1,Urban,Y
LP104429,Male,No,0,Graduate,No,49520,7967,56600,60,1,Semiurban,Y
LP104430,Female,No,1,Graduate,No,276440,21149,56900,480,1,Urban,Y
LP104431,Male,Yes,3+,Graduate,No,30830,0,70000,360,0,Rural,N
LP104432,Male,No,0,Graduate,No,38830,6228,70000,360,1,Urban,Y
LP104433,Male,Yes,2,Graduate,No,43760,9749,70000,360,1,Rural,Y
LP104434,Male,No,2,Graduate,No,59330,0,70000,360,1,Urban,Y
LP104435,Female,Yes,0,Graduate,No,18350,0,66700,360,1,Rural,Y
LP104436,Female,Yes,,Graduate,No,60070,0,67200,360,,Rural,N
LP104437,Male,Yes,1,Graduate,Yes,27430,0,67900,180,1,Rural,Y
LP104438,Male,No,0,Graduate,Yes,72600,0,70000,360,1,Semiurban,Y
LP104439,Male,No,0,Graduate,No,28600,6491,68900,360,1,Urban,Y
LP104440,Male,No,0,Graduate,No,22020,0,70000,360,1,Rural,Y
LP104441,Female,Yes,0,Graduate,No,63490,16466,60700,360,1,Urban,Y
LP104442,Male,Yes,0,Graduate,No,96140,0,70000,180,1,Urban,Y
LP104443,Female,Yes,3+,Graduate,No,39120,0,67100,,1,Urban,Y
LP104444,Male,No,2,Graduate,No,45630,0,70000,360,1,Semiurban,Y
LP104445,Male,No,0,Graduate,,60190,43118,70000,360,1,Rural,Y
LP104446,Male,Yes,1,Graduate,No,30960,8160,59700,360,1,Semiurban,Y
LP104447,Female,Yes,2,Not Graduate,No,30220,0,62400,360,1,Rural,N
LP104448,Male,Yes,1,Graduate,No,40930,0,57300,360,,Rural,N
LP104449,Male,Yes,0,Graduate,No,74930,10181,70000,360,1,Semiurban,Y
LP104450,Male,Yes,0,Graduate,No,42500,17560,61700,360,0,Semiurban,N
LP104451,Male,Yes,3+,Graduate,No,36950,11470,65700,360,0,Semiurban,N
LP104452,Male,Yes,3+,Graduate,No,32820,10384,63000,360,1,Urban,Y
LP104453,Male,Yes,0,Graduate,No,54340,33649,69800,360,1,Semiurban,Y
LP104454,Female,Yes,0,Graduate,No,15860,10351,70000,360,1,Urban,Y
LP104455,Male,Yes,,Graduate,Yes,18560,0,70000,360,1,Urban,Y
LP104456,Male,Yes,1,Not Graduate,No,27170,17198,70000,360,1,Urban,Y
LP104457,Male,Yes,1,Graduate,No,18960,0,64500,360,0,Urban,N
LP104458,Male,No,0,Graduate,No,24040,0,70000,360,0,Semiurban,N
LP104459,Male,Yes,1,Graduate,No,23170,20475,70000,300,1,Semiurban,Y
LP104460,Male,Yes,0,Not Graduate,No,37560,0,70000,360,0,Urban,N
LP104461,Male,Yes,0,Not Graduate,No,86640,0,70000,360,1,Urban,Y
LP104462,Male,Yes,1,Not Graduate,No,148550,0,70000,360,1,Rural,Y
LP104463,Male,No,0,Graduate,No,28460,15361,69100,360,1,Urban,Y
LP104464,Male,No,2,Graduate,No,77310,40411,56600,360,1,Semiurban,Y
LP104465,Male,No,1,Graduate,No,20280,29745,70000,360,1,Urban,Y
LP104466,Male,No,1,Not Graduate,Yes,52450,0,70000,360,1,Urban,Y
LP104467,Male,Yes,0,Graduate,No,21710,29550,58500,360,1,Rural,Y
LP104468,Male,Yes,0,Graduate,No,72740,9219,58400,360,1,Rural,Y
LP104469,Male,No,1,Graduate,No,24090,33296,61000,360,1,Rural,Y
LP104470,Male,Yes,0,Not Graduate,No,157230,25172,70000,360,0,Urban,N
LP104471,Female,Yes,1,Graduate,No,163880,0,62200,360,1,Rural,Y
LP104472,Male,No,0,Graduate,No,43400,8158,58600,360,1,Rural,Y
LP104473,Male,Yes,0,Graduate,No,58330,0,70000,180,1,Rural,Y
LP104474,Male,Yes,0,Not Graduate,No,61620,15756,70000,360,1,Semiurban,Y
LP104475,Male,Yes,1,Graduate,No,35700,7215,67800,360,1,Semiurban,Y
LP104476,Female,Yes,0,Graduate,No,45880,0,70000,360,0,Rural,N
LP104477,Male,No,2,Graduate,No,47090,17418,70000,360,0,Urban,N
LP104478,Male,Yes,1,Graduate,No,60380,0,70000,,,Urban,N
LP104479,Male,Yes,3+,Graduate,No,31320,25371,56000,360,0,Semiurban,N
LP104480,Male,No,0,Graduate,No,23010,17827,66200,360,,Urban,N
LP104481,Female,No,2,Graduate,Yes,33660,0,69900,360,1,Semiurban,Y
LP104482,,No,0,Graduate,No,40290,14485,59600,300,1,Urban,Y
LP104483,Male,No,2,Not Graduate,No,34310,0,67500,360,1,Semiurban,N
LP104484,Male,No,1,Graduate,Yes,52800,13912,60300,180,0,Urban,N
LP104485,Female,Yes,0,Graduate,No,50950,51655,61200,360,0,Urban,N
LP104486,Male,Yes,3+,Not Graduate,Yes,67790,0,70000,360,1,Rural,Y
LP104487,Male,Yes,3+,Graduate,No,61520,27348,70000,480,1,Rural,Y
LP104488,Female,No,2,Graduate,No,29030,0,70000,360,1,Semiurban,Y
LP104489,Male,Yes,1,Not Graduate,No,40990,21571,65200,480,,Urban,N
LP104490,Male,Yes,1,Graduate,No,32760,11297,67200,360,0,Urban,N
LP104491,Female,No,3+,Not Graduate,No,88270,0,70000,360,1,Rural,Y
LP104492,Male,Yes,1,Not Graduate,No,24100,10976,56100,360,1,Rural,N
LP104493,Male,Yes,0,Graduate,No,35320,11768,69800,360,1,Urban,Y
LP104494,Male,Yes,0,Graduate,No,201150,0,70000,360,1,Semiurban,Y
LP104495,Male,Yes,0,Graduate,No,71100,12766,56000,360,1,Urban,Y
LP104496,Male,Yes,0,Not Graduate,Yes,154230,24401,70000,360,0,Urban,N
LP104497,Female,No,2,Not Graduate,No,45020,18923,63500,360,1,Rural,Y
LP104498,Male,Yes,0,Graduate,No,50850,24147,70000,360,1,Urban,Y
LP104499,Male,No,3+,Graduate,No,20860,0,56300,360,1,Rural,Y
LP104500,Male,No,1,Not Graduate,No,53830,30790,70000,360,1,Rural,Y
LP104501,Male,Yes,3+,Graduate,No,84500,18497,70000,360,1,Semiurban,Y
LP104502,Female,Yes,1,Graduate,No,49510,0,61300,360,,Semiurban,N
LP104503,Female,Yes,0,Graduate,No,33130,0,70000,360,1,Semiurban,Y
LP104504,Male,Yes,2,Not Graduate,No,254320,74676,60000,360,1,Semiurban,Y
LP104505,Male,Yes,0,Graduate,No,25560,0,64200,360,1,Urban,Y
LP104506,Male,Yes,0,Graduate,No,19550,21696,57500,360,1,Rural,Y
LP104507,Male,No,3+,Graduate,No,50370,15742,70000,360,1,Rural,Y
LP104508,Male,Yes,0,Graduate,No,319500,0,70000,240,1,Semiurban,Y
LP104509,Male,Yes,0,Graduate,No,19930,0,62000,360,1,Semiurban,Y
LP104510,Female,Yes,1,Graduate,No,49730,0,70000,180,1,Rural,Y
LP104511,Male,Yes,0,Graduate,No,27720,50727,70000,360,1,Semiurban,Y
LP104512,Male,Yes,1,Graduate,No,441570,0,65000,360,0,Rural,N
LP104513,Male,Yes,0,Graduate,,25780,0,56400,360,1,Rural,Y
LP104514,Male,Yes,2,Not Graduate,No,28430,30283,60100,180,1,Urban,Y
LP104515,Male,Yes,0,Not Graduate,No,30580,17594,64200,360,0,Semiurban,N
LP104516,Male,Yes,2,Graduate,No,36820,0,70000,,1,Semiurban,Y
LP104517,Male,Yes,0,Graduate,No,15340,0,63700,360,1,Semiurban,Y
LP104518,Male,Yes,0,Not Graduate,No,132490,11953,70000,360,1,Urban,Y
LP104519,Male,Yes,0,Not Graduate,Yes,29160,42992,70000,360,1,Semiurban,Y
LP104520,Male,Yes,0,Graduate,No,20680,0,69200,360,1,Urban,Y
LP104521,Male,Yes,1,Graduate,No,52490,15294,70000,360,1,Urban,Y
LP104522,Male,No,0,Graduate,Yes,112950,0,70000,360,1,Urban,Y
LP104523,Male,Yes,0,Graduate,No,214650,0,57300,360,1,Semiurban,Y
LP104524,,Yes,1,Graduate,No,42420,0,70000,360,1,Rural,Y
LP104525,Male,No,0,Graduate,No,47060,32322,68300,360,1,Urban,Y
LP104526,Female,Yes,0,Not Graduate,No,109510,0,70000,360,0,Rural,N
LP104527,Male,Yes,0,Not Graduate,No,27640,9429,70000,360,1,Rural,Y
LP104528,Male,Yes,0,Graduate,No,25110,0,70000,360,0,Semiurban,N
LP104529,Male,No,0,Graduate,Yes,137260,38154,66300,360,,Rural,Y
LP104530,Female,Yes,0,Not Graduate,No,19820,8177,63300,360,1,Semiurban,Y
LP104531,Male,Yes,1,Graduate,No,45220,0,70000,360,0,Urban,N
LP104532,Male,Yes,1,Graduate,No,46570,0,70000,360,1,Rural,N
LP104533,Male,Yes,0,Graduate,No,46610,15516,70000,360,,Urban,N
LP104534,Female,Yes,0,Not Graduate,No,34410,22011,70000,360,0,Semiurban,N
LP104535,Male,Yes,0,Not Graduate,Yes,37840,4774,68900,480,1,Urban,N
LP104536,Male,No,0,Graduate,No,32830,0,66800,360,1,Urban,N
LP104537,,Yes,1,Graduate,No,24820,20085,63500,360,1,Urban,N
LP104538,Male,Yes,2,Graduate,No,139510,0,67000,360,1,Rural,Y
LP104539,Male,No,0,Graduate,No,42950,0,67300,180,1,Urban,Y
LP104540,Male,No,0,Graduate,No,110680,0,70000,,1,Rural,Y
LP104541,Male,Yes,0,Graduate,No,55120,0,70000,360,1,Rural,Y
LP104542,Male,Yes,2,Graduate,No,178470,23264,70000,360,0,Rural,N
LP104543,Male,No,0,Graduate,No,47840,0,60800,180,0,Semiurban,N
LP104544,Male,Yes,1,Not Graduate,No,91860,9173,70000,360,1,Urban,Y
LP104545,Female,No,1,Graduate,Yes,45050,0,63500,360,1,Semiurban,Y
LP104546,Male,Yes,1,Graduate,No,76630,25233,63000,360,1,Semiurban,Y
LP104547,Female,No,0,Graduate,No,24080,14075,57200,360,1,Semiurban,Y
LP104548,Male,Yes,0,Not Graduate,No,31880,0,70000,360,1,Urban,N
LP104549,Male,Yes,3+,Graduate,No,56480,31372,60400,360,1,Urban,Y
LP104550,Male,Yes,2,Graduate,No,20780,18686,70000,360,1,Rural,N
LP104551,Male,Yes,1,Graduate,No,26450,8497,68400,480,1,Urban,Y
LP104552,Male,Yes,1,Graduate,,33020,15025,64200,360,1,Urban,Y
LP104553,Male,Yes,0,Graduate,No,108510,23444,62100,360,1,Urban,Y
LP104554,,No,0,Graduate,No,19580,12884,70000,360,1,Urban,Y
LP104555,Male,No,0,Not Graduate,,57650,63301,64700,360,1,Urban,Y
LP104556,Male,Yes,0,Graduate,No,17830,0,61600,360,1,Rural,Y
LP104557,Male,Yes,0,Not Graduate,No,15620,55557,70000,360,1,Urban,Y
LP104558,Male,Yes,3+,Not Graduate,No,43380,0,60300,360,1,Rural,Y
LP104559,Male,Yes,1,Graduate,No,24630,24918,66800,360,1,Rural,Y
LP104560,Male,Yes,0,Graduate,No,11110,18117,70000,360,0,Urban,N
LP104561,Male,Yes,0,Graduate,No,42190,31481,70000,360,,Semiurban,N
LP104562,Female,Yes,2,Graduate,Yes,23070,19034,70000,360,1,Urban,Y
LP104563,Female,Yes,1,Graduate,No,24000,21074,57200,360,1,Urban,Y
LP104564,Male,Yes,0,Graduate,Yes,24330,0,57300,360,1,Rural,Y
LP104565,Male,Yes,0,Not Graduate,No,30300,0,68400,360,1,Rural,N
LP104566,Female,Yes,0,Graduate,No,73500,26723,70000,360,1,Rural,Y
LP104567,Female,No,0,Graduate,No,53570,0,65900,360,,Semiurban,N
LP104568,Female,No,1,Graduate,No,116050,18500,58400,360,1,Rural,Y
LP104569,Male,Yes,,Graduate,No,18970,15105,70000,360,1,Urban,Y
LP104570,Male,Yes,0,Graduate,No,35590,0,70000,360,1,Rural,Y
LP104571,Male,No,3+,Graduate,No,118410,0,70000,480,1,Urban,Y
LP104572,Female,Yes,2,Graduate,No,22070,43525,61600,360,1,Urban,Y
LP104573,Male,,1,Graduate,No,57020,21396,48400,36,1,Rural,Y
LP104574,Male,Yes,1,Graduate,Yes,80330,22603,70000,360,,Urban,N
LP104575,Female,Yes,,Graduate,Yes,43370,17513,59500,180,1,Rural,Y
LP104576,Male,No,0,Graduate,No,63140,34908,70000,360,1,Semiurban,Y
LP104577,Male,Yes,0,Graduate,No,27470,0,63400,180,1,Rural,Y
LP104578,Female,Yes,0,Graduate,No,20100,16007,66600,360,1,Semiurban,Y
LP104579,Male,Yes,0,Graduate,No,82660,17404,70000,360,0,Rural,N
LP104580,Male,Yes,0,Graduate,No,280700,13742,70000,360,1,Semiurban,Y
LP104581,Female,Yes,0,Graduate,No,35710,0,58300,360,1,Semiurban,Y
LP104582,Male,Yes,2,Graduate,No,37370,0,56300,360,1,Semiurban,Y
LP104583,Male,Yes,0,Graduate,No,53330,4696,70000,360,1,Semiurban,Y
LP104584,Male,Yes,0,Graduate,No,92830,0,57200,360,1,Urban,Y
LP104585,Male,Yes,0,Graduate,No,40040,37147,70000,360,1,Rural,Y
LP104586,Male,No,0,Graduate,No,29170,5864,70000,360,0,Semiurban,N
LP104587,Male,No,0,Graduate,No,48120,0,63100,360,1,Urban,Y
LP104588,Male,No,0,Graduate,No,27350,0,70000,360,1,Urban,Y
LP104589,Male,Yes,1,Graduate,No,21310,0,64500,360,1,Semiurban,Y
LP104590,Male,Yes,3+,Not Graduate,No,27490,0,59500,360,1,Urban,N
LP104591,Male,No,1,Graduate,No,33500,12578,70000,360,1,Semiurban,Y
LP104592,Male,Yes,2,Graduate,No,13490,30972,67300,360,0,Semiurban,N
LP104593,Male,Yes,3+,Graduate,No,64610,0,70000,360,0,Urban,N
LP104594,Male,Yes,2,Graduate,No,48810,9136,70000,360,,Urban,N
LP104595,Male,No,0,Graduate,No,33250,18010,70000,360,1,Semiurban,Y
LP104596,Male,Yes,3+,Graduate,No,47660,0,70000,360,1,Urban,Y
LP104597,Male,Yes,3+,Graduate,No,49180,11639,67000,360,1,Semiurban,Y
LP104598,Male,No,2,Not Graduate,No,37770,23788,70000,360,1,Semiurban,Y
LP104599,Male,Yes,0,Not Graduate,No,70100,27592,58600,360,1,Urban,N
LP104600,Male,Yes,0,Graduate,No,51930,19013,70000,240,0,Urban,N
LP104601,Male,Yes,2,Graduate,,68680,23120,70000,360,1,Semiurban,Y
LP104602,Female,Yes,3+,Graduate,No,24710,41966,70000,360,1,Urban,Y
LP104603,Male,Yes,1,Graduate,No,49840,13860,56900,360,,Semiurban,N
LP104604,Male,Yes,1,Graduate,No,29340,21602,63600,360,1,Urban,Y
LP104605,Female,No,0,Graduate,No,44840,0,70000,360,,Rural,N
LP104606,Male,Yes,0,Graduate,No,39780,21794,57300,360,1,Rural,Y
LP104607,Male,No,0,Graduate,Yes,370480,34390,70000,360,0,Urban,N
LP104608,Female,No,0,Not Graduate,Yes,39670,0,58000,360,1,Urban,N
LP104609,,Yes,2,Not Graduate,No,235000,9731,70000,360,1,Urban,Y
LP104610,Male,Yes,0,Not Graduate,No,43540,53539,70000,,0,Semiurban,N
LP104611,Male,Yes,0,Not Graduate,No,33000,10873,70000,360,1,Urban,N
LP104612,Male,Yes,0,Not Graduate,No,90330,9403,59400,360,1,Semiurban,Y
LP104613,Male,Yes,0,Not Graduate,No,25570,14476,68100,360,1,Urban,N
LP104614,Male,Yes,0,Graduate,No,19340,0,70000,360,,Urban,N
LP104615,Male,No,0,Graduate,Yes,36660,31069,70000,360,1,Semiurban,Y
LP104616,Male,Yes,3+,Not Graduate,No,24190,44988,70000,180,1,Semiurban,Y
LP104617,Male,No,0,Graduate,No,181500,33555,70000,360,1,Rural,Y
LP104618,Male,No,0,Graduate,No,27080,30191,70000,360,0,Urban,N
LP104619,Male,No,,Not Graduate,No,22270,0,59100,360,1,Rural,N
LP104620,Male,Yes,0,Graduate,No,54340,20044,70000,360,1,Semiurban,Y
LP104621,Male,No,0,Graduate,No,46700,8931,56800,360,0,Rural,N
LP104622,Female,No,0,Graduate,No,78080,0,70000,480,1,Urban,Y
LP104623,,Yes,0,Graduate,No,47630,10235,70000,360,1,Semiurban,Y
LP104624,Female,Yes,2,Graduate,No,44840,0,70000,360,1,Semiurban,Y
LP104625,Male,Yes,0,Graduate,No,19680,0,26900,84,,Urban,N
LP104626,Male,Yes,1,Graduate,No,53330,8631,56300,360,0,Urban,N
LP104627,Female,No,2,Graduate,No,46680,26317,70000,360,1,Urban,Y
LP104628,Male,Yes,1,Graduate,No,26600,0,70000,360,1,Rural,N
LP104629,Male,Yes,0,Graduate,No,47310,0,62100,360,1,Semiurban,Y
LP104630,Male,Yes,2,Graduate,No,40930,13086,56200,180,1,Semiurban,Y
LP104631,Male,No,0,Graduate,No,23120,0,65500,360,,Urban,N
LP104632,Male,Yes,3+,Not Graduate,No,15050,22301,68600,360,1,Rural,N
LP104633,Male,Yes,2,Graduate,No,18000,0,59900,360,1,Semiurban,Y
LP104634,Male,Yes,3+,Graduate,No,38000,0,59600,360,1,Urban,Y
LP104635,Male,No,3+,Graduate,No,32330,27175,56100,360,1,Semiurban,Y
LP104636,Male,No,1,Graduate,No,31780,14838,70000,360,1,Urban,Y
LP104637,Male,Yes,1,Graduate,No,50610,0,65500,360,1,Semiurban,Y
LP104638,Male,Yes,0,Graduate,No,163340,0,70000,360,1,Semiurban,Y
LP104639,Male,No,,Graduate,No,161500,23960,58100,360,1,Semiurban,Y
LP104640,Male,No,0,Graduate,No,18240,28471,70000,180,1,Urban,N
LP104641,Male,Yes,0,Graduate,Yes,47960,0,70000,360,1,Urban,Y
LP104642,Male,Yes,0,Graduate,No,23040,15617,69300,480,1,Semiurban,Y
LP104643,Male,Yes,0,Graduate,No,35770,0,70000,360,1,Rural,Y
LP104644,Male,Yes,0,Graduate,No,34270,0,70000,180,1,Semiurban,Y
LP104645,Male,Yes,0,Graduate,No,42310,42677,70000,360,1,Semiurban,Y
LP104646,Male,Yes,1,Not Graduate,No,59240,8228,70000,360,0,Rural,N
LP104647,Male,Yes,0,Graduate,Yes,194040,40133,70000,360,1,Semiurban,Y
LP104648,Male,No,1,Graduate,No,43330,34793,67900,360,1,Rural,Y
LP104649,Male,No,2,Graduate,No,90040,0,65100,360,1,Semiurban,Y
LP104650,Male,Yes,0,Graduate,No,57710,20998,68300,360,0,Semiurban,N
LP104651,Female,No,0,Graduate,No,250100,19723,64100,180,1,Urban,Y
LP104652,Male,No,0,Not Graduate,,36800,14643,64100,180,1,Urban,N
LP104653,Male,No,0,Graduate,No,73570,11065,68400,84,1,Semiurban,Y
LP104654,Male,Yes,1,Graduate,No,72550,0,70000,360,0,Rural,N
LP104655,Male,Yes,0,Graduate,No,45590,7809,70000,360,1,Semiurban,Y
LP104656,Female,Yes,0,Graduate,No,42960,5129,70000,360,1,Urban,Y
LP104657,Male,Yes,1,Graduate,Yes,48240,0,70000,180,1,Rural,Y
LP104658,Male,Yes,2,Graduate,No,54220,0,70000,360,0,Semiurban,N
LP104659,Male,Yes,0,Graduate,No,27890,19472,62000,360,1,Urban,N
LP104660,Male,Yes,0,Graduate,No,87720,13348,70000,180,1,Urban,Y
LP104661,Male,Yes,0,Graduate,No,22600,0,70000,,1,Semiurban,Y
LP104662,Male,Yes,0,Not Graduate,No,325000,58697,70000,360,1,Semiurban,Y
LP104663,Male,Yes,0,Graduate,No,133890,33172,70000,360,1,Semiurban,Y
LP104664,Male,Yes,0,Not Graduate,No,298780,0,65900,240,1,Urban,Y
LP104665,Male,Yes,0,Graduate,No,26060,0,63900,360,1,Urban,Y
LP104666,Male,Yes,0,Graduate,No,29260,37840,70000,360,0,Semiurban,N
LP104667,Male,Yes,0,Not Graduate,No,77710,25344,57900,360,1,Rural,Y
LP104668,Female,Yes,0,Graduate,No,24500,59565,70000,360,1,Rural,Y
LP104669,Female,Yes,2,Graduate,Yes,28670,14787,70000,360,1,Rural,Y
LP104670,Male,No,1,Not Graduate,No,42470,0,70000,360,1,Semiurban,N
LP104671,Male,No,0,Not Graduate,,73270,30181,69100,360,1,Rural,Y
LP104672,Female,No,1,Graduate,No,43880,23874,64200,360,1,Rural,Y
LP104673,Male,No,0,Graduate,No,37120,0,59800,360,1,Urban,N
LP104674,Male,No,0,Not Graduate,No,46800,0,70000,,1,Semiurban,Y
LP104675,Male,Yes,0,Graduate,No,29280,0,70000,360,0,Urban,N
LP104676,Male,Yes,1,Graduate,Yes,111810,20897,64900,180,1,Rural,Y
LP104677,Male,No,1,Graduate,No,21690,0,70000,360,1,Urban,Y
LP104678,Male,Yes,2,Graduate,,43320,0,70000,360,1,Urban,N
LP104679,Male,No,3+,Not Graduate,No,33200,0,70000,360,1,Urban,N
LP104680,Male,No,0,Graduate,No,80220,0,70000,360,1,Rural,Y
LP104681,Male,Yes,0,Not Graduate,Yes,343310,13672,56300,360,0,Semiurban,N
LP104682,Female,Yes,0,Graduate,No,34020,17296,70000,180,,Semiurban,Y
LP104683,Male,Yes,0,Not Graduate,No,29710,20325,70000,360,1,Urban,Y
LP104684,Male,Yes,1,Graduate,No,25880,0,70000,360,1,Semiurban,Y
LP104685,Male,No,0,Graduate,No,21890,26271,57000,360,1,Urban,Y
LP104686,Male,No,0,Not Graduate,No,48330,0,70000,360,1,Urban,Y
LP104687,Male,,2,Graduate,No,25350,30940,70000,360,1,Rural,Y
LP104688,Female,Yes,3+,Graduate,No,27400,0,70000,360,1,Rural,Y
LP104689,Male,Yes,0,Graduate,No,40800,0,58300,360,1,Rural,Y
LP104690,Male,No,1,Not Graduate,No,52660,17719,65000,360,1,Urban,Y
LP104691,Male,Yes,1,Graduate,No,44670,0,64800,360,,Rural,N
LP104692,Male,Yes,3+,Graduate,No,28850,16070,70000,300,0,Semiurban,N
LP104693,Male,Yes,0,Graduate,,33180,0,58800,180,1,Semiurban,Y
LP104694,Female,Yes,2,Graduate,No,26020,0,59400,360,1,Semiurban,Y
LP104695,Male,Yes,0,Not Graduate,No,33620,7140,65600,300,,Semiurban,N
LP104696,Male,Yes,0,Graduate,Yes,29180,15240,63300,,1,Urban,Y
LP104697,Male,Yes,1,Graduate,No,32440,15642,65100,360,0,Urban,N
LP104698,Male,No,3+,Graduate,No,35410,24107,70000,360,1,Semiurban,Y
LP104699,Female,Yes,0,Graduate,No,53960,12243,70000,360,1,Rural,Y
LP104700,Male,No,0,Not Graduate,No,21180,9676,68100,360,1,Semiurban,Y
LP104701,Male,Yes,2,Not Graduate,No,29240,0,70000,360,1,Rural,N
LP104702,Female,Yes,0,Not Graduate,No,31070,0,70000,360,1,Semiurban,N
LP104703,,Yes,0,Graduate,No,25740,0,70000,360,1,Urban,Y
LP104704,Female,Yes,0,Not Graduate,No,20310,13752,70000,360,1,Urban,N
LP104705,Male,No,0,Graduate,No,39500,0,27600,60,1,Semiurban,Y
LP104706,Male,Yes,1,Graduate,No,47580,12941,70000,180,1,Semiurban,Y
LP104707,Male,No,1,Graduate,Yes,30230,0,70000,360,1,Semiurban,Y
LP104708,Male,Yes,0,Graduate,No,23990,0,70000,300,0,Rural,N
LP104709,Male,Yes,0,Graduate,No,131100,0,68700,360,1,Rural,Y
LP104710,Female,Yes,0,Graduate,No,80300,0,70000,360,1,Rural,Y
LP104711,Male,No,0,Graduate,No,47120,0,66900,360,1,Urban,Y
LP104712,Male,No,0,Not Graduate,No,16300,0,64700,360,1,Semiurban,Y
LP104713,Male,Yes,0,Not Graduate,Yes,30960,21661,70000,360,1,Rural,Y
LP104714,Male,No,0,Graduate,Yes,39540,90981,67200,360,1,Rural,Y
LP104715,Male,Yes,1,Graduate,No,42610,9899,57700,360,1,Semiurban,Y
LP104716,Male,No,0,Graduate,No,34870,6228,57000,360,1,Semiurban,Y
LP104717,,Yes,0,Graduate,No,35110,10968,59500,360,0,Rural,N
LP104718,Male,Yes,0,Graduate,No,54960,0,60300,360,1,Semiurban,Y
LP104719,Male,Yes,0,Graduate,No,28430,0,68600,360,1,Urban,Y
LP104720,Male,No,0,Graduate,No,34540,0,66500,,0,Semiurban,N
LP104721,Male,Yes,2,Graduate,No,27350,0,67100,360,1,Rural,Y
LP104722,Male,Yes,0,Graduate,No,79620,0,70000,360,1,Semiurban,Y
LP104723,Male,Yes,0,Graduate,No,31500,0,64600,360,1,Semiurban,Y
LP104724,Male,Yes,0,Graduate,No,83050,29468,70000,360,1,Rural,Y
LP104725,Male,Yes,1,Graduate,Yes,45220,0,70000,,1,Urban,Y
LP104726,Male,Yes,0,Graduate,No,166670,22899,66200,360,0,Rural,N
LP104727,Male,No,0,Graduate,No,15290,0,70000,360,0,Semiurban,N
LP104728,Male,Yes,0,Graduate,Yes,32110,30022,70000,360,1,Rural,Y
LP104729,Male,Yes,0,Graduate,No,35610,0,68300,360,1,Semiurban,Y
LP104730,Male,Yes,2,Graduate,No,57490,0,70000,360,1,Urban,Y
LP104731,Male,Yes,0,Graduate,No,35560,0,68700,360,0,Urban,N
LP104732,Male,Yes,0,Graduate,,78380,0,63000,180,1,Urban,Y
LP104733,Male,Yes,3+,Not Graduate,No,63810,17420,69600,360,1,Urban,Y
LP104734,Female,No,1,Graduate,,55860,14511,69500,480,1,Semiurban,Y
LP104735,Male,Yes,3+,Graduate,No,16910,10383,60300,360,1,Urban,Y
LP104736,Male,Yes,,Graduate,No,73560,0,70000,360,1,Rural,Y
LP104737,Male,Yes,1,Graduate,No,32180,15624,70000,360,0,Rural,N
LP104738,Male,Yes,0,Not Graduate,,31810,56674,70000,360,1,Semiurban,Y
LP104739,,Yes,0,Graduate,,75670,0,58800,360,1,Urban,Y
LP104740,Male,Yes,2,Graduate,Yes,98810,16435,70000,180,1,Semiurban,Y
LP104741,Male,No,0,Graduate,No,41590,7278,70000,360,1,Semiurban,Y
LP104742,Male,Yes,0,Graduate,Yes,70770,8972,66000,360,1,Urban,Y
LP104743,Male,Yes,1,Not Graduate,Yes,40140,9360,69400,360,1,Rural,N
LP104744,Female,No,2,Graduate,No,27930,10941,57800,360,1,Rural,Y
LP104745,Female,Yes,0,Graduate,No,92760,13084,57000,120,1,Urban,Y
LP104746,Male,No,1,Graduate,No,28440,29810,70000,360,1,Urban,Y
LP104747,Male,Yes,3+,Graduate,No,22140,0,67300,180,0,Semiurban,N
LP104748,Female,No,0,Graduate,Yes,40200,37547,57800,180,1,Rural,Y
LP104749,Male,No,0,Graduate,No,28900,0,64500,,1,Urban,Y
LP104750,Male,Yes,2,Not Graduate,No,26350,15745,64700,180,0,Semiurban,N
LP104751,Male,No,0,Graduate,No,271140,20314,60400,360,1,Rural,Y
LP104752,Male,Yes,0,Not Graduate,No,28660,24171,63600,360,1,Urban,Y
LP104753,Male,Yes,0,Graduate,No,68950,27212,70000,360,,Urban,N
LP104754,Female,Yes,0,Not Graduate,No,43750,0,70000,360,,Semiurban,N
LP104755,Female,Yes,0,Graduate,No,111060,10932,62400,360,1,Urban,Y
LP104756,Female,No,0,Graduate,Yes,24430,24921,60100,360,1,Urban,Y
LP104757,Male,No,0,Graduate,No,63290,12335,66300,360,,Rural,N
LP104758,Male,Yes,0,Not Graduate,No,44750,0,59700,360,1,Semiurban,Y
LP104759,Male,Yes,2,Graduate,No,38190,12731,70000,360,1,Rural,Y
LP104760,Female,Yes,0,Not Graduate,Yes,35900,0,67300,360,1,Urban,N
LP104761,Female,Yes,0,Graduate,No,24170,0,70000,360,1,Urban,Y
LP104762,Female,Yes,1,Graduate,No,23880,12112,70000,360,0,Urban,N
LP104763,Male,No,1,Not Graduate,No,159190,0,70000,360,1,Semiurban,Y
LP104764,Male,Yes,1,Graduate,No,33460,0,70000,360,1,Semiurban,Y
LP104765,Male,Yes,3+,Graduate,No,13290,5065,65000,360,0,Urban,N
LP104766,Male,No,0,Graduate,No,27700,23794,58000,360,0,Urban,N
LP104767,Male,Yes,0,Graduate,No,10570,0,37700,180,,Urban,N
LP104768,Female,Yes,2,Graduate,No,29070,13185,70000,360,1,Urban,Y
LP104769,Male,Yes,0,Not Graduate,No,68000,14351,58300,360,0,Urban,N
LP104770,Female,No,0,Not Graduate,No,43250,19680,65100,360,1,Rural,Y
LP104771,Male,Yes,0,Graduate,No,13950,28667,62500,360,1,Urban,Y
LP104772,Male,Yes,0,Not Graduate,Yes,40110,0,66000,360,1,Urban,N
LP104773,Male,No,0,Not Graduate,No,45760,0,70000,360,0,Semiurban,N
LP104774,Male,Yes,0,Graduate,No,213070,0,68800,360,1,Rural,Y
LP104775,Male,No,0,Graduate,No,14250,0,56500,180,1,Semiurban,Y
LP104776,Male,Yes,0,Graduate,No,79110,15216,70000,360,1,Rural,Y
LP104777,Male,Yes,0,Graduate,No,41430,0,64800,84,1,Rural,Y
LP104778,Male,Yes,,Graduate,Yes,35670,0,70000,300,1,Semiurban,Y
LP104779,Male,No,1,Graduate,No,30080,0,70000,360,0,Rural,N
LP104780,Female,Yes,2,Graduate,Yes,28170,0,58600,360,1,Urban,Y
LP104781,Male,No,0,Graduate,No,42220,7276,70000,360,1,Semiurban,Y
LP104782,Female,Yes,0,Graduate,No,51030,14085,70000,,1,Rural,Y
LP104783,Female,Yes,2,Graduate,No,21890,13802,70000,360,1,Semiurban,Y
LP104784,Female,Yes,1,Graduate,No,64100,0,59500,360,1,Urban,Y
LP104785,Male,Yes,3+,Not Graduate,No,28610,22419,58200,360,0,Urban,N
LP104786,Male,No,0,Graduate,No,86160,28491,65900,360,1,Semiurban,Y
LP104787,Female,Yes,0,Not Graduate,No,201560,54817,59300,360,1,Semiurban,Y
LP104788,Male,Yes,0,Not Graduate,No,33640,0,18700,36,0,Rural,N
LP104789,Male,Yes,2,Graduate,No,199540,0,58500,360,0,Rural,N
LP104790,Female,Yes,0,Graduate,No,38050,39344,70000,360,1,Urban,N
LP104791,Female,No,2,Not Graduate,No,26340,0,58500,360,1,Rural,N
LP104792,Male,Yes,0,Not Graduate,,50910,0,68300,360,1,Rural,Y
LP104793,Female,Yes,2,Graduate,No,33350,17397,68100,360,1,Semiurban,Y
LP104794,Male,No,0,Graduate,No,141150,21035,64500,360,1,Urban,Y
LP104795,Male,Yes,0,Graduate,No,34550,20566,70000,360,0,Urban,N
LP104796,Male,Yes,2,Graduate,No,74060,32658,65900,360,1,Semiurban,Y
LP104797,Male,No,1,Graduate,No,53830,13756,70000,360,1,Urban,Y
LP104798,Male,No,1,Graduate,No,24400,32073,70000,360,1,Rural,Y
LP104799,Male,Yes,0,Graduate,No,54000,43747,61200,360,1,Semiurban,Y
LP104800,Female,Yes,1,Graduate,No,27740,0,70000,360,0,Semiurban,N
LP104801,Male,Yes,0,Graduate,No,32830,6761,56600,360,0,Urban,N
LP104802,Male,Yes,1,Graduate,No,30510,32877,70000,360,1,Rural,Y
LP104803,Male,No,0,Graduate,Yes,29510,26552,67600,360,1,Rural,Y
LP104804,Male,Yes,1,Graduate,No,119160,21961,70000,360,1,Urban,Y
LP104805,Male,Yes,0,Graduate,No,67100,19029,70000,360,,Urban,N
LP104806,Male,Yes,2,Graduate,,9470,16162,70000,360,1,Semiurban,Y
LP104807,Male,Yes,2,Graduate,No,17480,37279,70000,360,1,Rural,Y
LP104808,Male,Yes,2,Graduate,No,51650,23923,70000,180,0,Rural,N
LP104809,Male,Yes,0,Graduate,No,72180,0,67800,360,0,Urban,N
LP104810,Male,Yes,0,Graduate,No,23750,0,66000,360,1,Rural,Y
LP104811,Male,Yes,2,Graduate,No,381170,31631,63700,360,,Semiurban,Y
LP104812,Male,No,3+,Graduate,No,32730,35738,63200,360,1,Urban,Y
LP104813,Male,Yes,2,Graduate,No,68780,11025,70000,360,0,Semiurban,N
LP104814,Male,Yes,2,Graduate,No,27680,13163,60800,360,1,Semiurban,Y
LP104815,Male,Yes,2,Graduate,No,22630,37663,63100,360,1,Semiurban,Y
LP104816,Male,Yes,0,Graduate,Yes,32400,0,62700,180,0,Urban,N
LP104817,Male,No,0,Graduate,No,42660,0,70000,360,1,Rural,Y
LP104818,Male,No,0,Graduate,No,28160,6065,58900,360,1,Rural,Y
LP104819,Female,Yes,0,Graduate,No,41110,0,70000,360,,Rural,N
LP104820,Male,Yes,2,Graduate,No,42410,17351,63200,360,,Semiurban,N
LP104821,Male,Yes,0,Graduate,No,19660,59573,70000,360,1,Urban,Y
LP104822,Male,Yes,0,Graduate,No,54860,19265,58800,360,0,Urban,N
LP104823,Male,No,2,Graduate,No,64290,10881,64900,360,0,Urban,N
LP104824,Male,No,1,Graduate,No,185100,20383,67400,360,1,Rural,Y
LP104825,Male,No,0,Graduate,Yes,41000,38793,61800,360,1,Urban,Y
LP104826,Male,No,1,Graduate,Yes,50620,21500,70000,360,1,Urban,Y
LP104827,Male,No,0,Graduate,No,17290,0,58600,360,1,Rural,Y
LP104828,Male,Yes,2,Graduate,,23630,0,70000,360,1,Urban,Y
LP104829,Female,Yes,0,Graduate,No,34450,19122,59200,360,1,Semiurban,Y
LP104830,Male,Yes,0,Graduate,No,21890,76848,63100,36,,Urban,Y
LP104831,Male,No,2,Graduate,No,72030,25948,62000,360,,Semiurban,Y
LP104832,Male,Yes,2,Graduate,No,37600,15919,70000,360,,Urban,N
LP104833,Male,Yes,0,Graduate,No,23720,18941,60300,360,1,Semiurban,Y
LP104834,Male,No,1,Graduate,No,40880,0,70000,360,1,Urban,Y
LP104835,Male,Yes,0,Graduate,No,20820,0,70000,360,1,Semiurban,Y
LP104836,Female,Yes,0,Graduate,No,42310,16472,70000,180,1,Rural,Y
LP104837,Female,No,0,Not Graduate,No,15430,10790,70000,360,1,Semiurban,N
LP104838,Male,Yes,2,Graduate,,30220,56117,70000,360,,Urban,N
LP104839,Female,Yes,0,Graduate,No,186560,0,70000,360,1,Semiurban,Y
LP104840,Male,Yes,3+,Graduate,No,19960,24202,64500,360,,Rural,N
LP104841,Male,Yes,1,Graduate,No,18140,0,59000,360,1,Rural,N
LP104842,Female,Yes,0,Not Graduate,No,255810,13628,70000,360,1,Urban,Y
LP104843,Male,No,0,Graduate,No,34900,0,59700,360,1,Semiurban,Y
LP104844,Male,Yes,0,Graduate,No,66110,0,70000,360,1,Semiurban,Y
LP104845,Female,Yes,1,Not Graduate,No,20400,0,70000,360,1,Urban,N
LP104846,Male,Yes,3+,Graduate,No,19410,12739,70000,360,0,Semiurban,N
LP104847,Male,No,0,Not Graduate,No,58090,0,58300,360,1,Rural,Y
LP104848,Male,Yes,3+,Not Graduate,No,53680,3305,59600,360,0,Rural,N
LP104849,Male,Yes,1,Graduate,No,101910,25176,70000,360,1,Semiurban,Y
LP104850,Male,Yes,1,Graduate,No,62480,13694,60800,300,1,Rural,Y
LP104851,Male,Yes,0,Graduate,No,30250,36132,66300,480,1,Urban,Y
LP104852,Male,Yes,0,Graduate,Yes,15690,0,62000,360,1,Semiurban,Y
LP104853,Male,Yes,0,Graduate,No,30560,20269,70000,360,1,Urban,Y
LP104854,Male,No,2,Graduate,No,44560,13316,70000,360,0,Rural,N
LP104855,Male,Yes,3+,Graduate,No,36970,4063,70000,360,1,Semiurban,Y
LP104856,Male,Yes,2,Graduate,Yes,27070,0,70000,360,0,Rural,N
LP104857,Female,Yes,1,Not Graduate,Yes,44650,10029,70000,360,1,Rural,Y
LP104858,Male,Yes,,Not Graduate,No,37380,0,64400,360,0,Urban,N
LP104859,Female,No,0,Not Graduate,No,174670,14721,70000,360,0,Semiurban,N
LP104860,Female,Yes,0,Graduate,No,147980,10147,70000,360,1,Urban,Y
LP104861,Male,No,0,Graduate,No,33170,0,70000,480,1,Semiurban,Y
LP104862,Male,Yes,2,Graduate,No,47910,19866,62100,300,1,Urban,Y
LP104863,Male,Yes,2,Graduate,No,27960,20684,70000,360,0,Semiurban,N
LP104864,Male,No,2,Graduate,No,50210,5285,70000,360,1,Semiurban,Y
LP104865,Male,Yes,3+,Graduate,No,61330,0,60000,360,1,Rural,Y
LP104866,Male,No,2,Not Graduate,,31290,23339,67100,360,1,Semiurban,Y
LP104867,Male,Yes,0,Graduate,No,62400,7939,70000,360,0,Semiurban,N
LP104868,Male,Yes,2,Graduate,No,87280,15206,60600,360,1,Semiurban,Y
LP104869,Male,No,0,Not Graduate,No,83470,51203,70000,360,,Urban,N
LP104870,Male,No,0,Graduate,,24760,0,58600,360,,Rural,N
LP104871,Male,No,3+,Not Graduate,No,28350,20439,70000,360,1,Semiurban,Y
LP104872,Female,No,1,Not Graduate,No,21190,14259,67900,360,1,Rural,N
LP104873,Male,Yes,0,Graduate,No,42000,14807,56500,360,1,Rural,Y
LP104874,Male,Yes,0,Not Graduate,No,34910,13161,70000,360,1,Urban,N
LP104875,Female,Yes,2,Graduate,No,18410,21928,62400,360,1,Semiurban,Y
LP104876,Male,Yes,3+,Graduate,No,382900,18281,62000,360,1,Urban,Y
LP104877,Male,No,2,Graduate,,40290,0,65500,360,1,Urban,Y
LP104878,Male,Yes,0,Graduate,Yes,49720,0,57200,360,0,Semiurban,N
LP104879,Male,Yes,0,Graduate,,20560,0,69300,360,1,Semiurban,Y
LP104880,Female,Yes,0,Graduate,No,78330,0,60600,360,1,Rural,Y
LP104881,Male,No,0,Not Graduate,,150840,48132,70000,360,1,Semiurban,Y
LP104882,Male,No,0,Graduate,,86050,53821,68100,360,0,Urban,N
LP104883,Female,Yes,0,Graduate,No,51600,0,70000,180,1,Urban,Y
LP104884,Male,Yes,3+,Not Graduate,No,46690,20806,70000,360,1,Urban,Y
LP104885,Male,Yes,2,Not Graduate,No,32550,37157,69500,360,1,Semiurban,Y
LP104886,Male,No,2,Graduate,No,38780,0,70000,360,1,Semiurban,Y
LP104887,Female,No,3+,Graduate,No,15020,9249,67000,360,0,Semiurban,N
LP104888,Male,No,2,Graduate,No,33480,21776,70000,360,1,Rural,Y
LP104889,Male,Yes,1,Not Graduate,,35490,0,70000,360,0,Semiurban,N
LP104890,Male,Yes,0,Not Graduate,No,63010,5608,60000,,1,Urban,Y
LP104891,Male,Yes,0,Not Graduate,No,145610,6074,70000,360,1,Semiurban,Y
LP104892,Female,Yes,0,Graduate,No,51240,17084,70000,360,1,Urban,Y
LP104893,Male,Yes,0,Graduate,No,43970,10767,70000,360,1,Semiurban,Y
LP104894,Male,Yes,2,Not Graduate,No,64750,0,70000,360,1,Semiurban,Y
LP104895,,Yes,0,Graduate,No,58180,0,70000,360,1,Semiurban,Y
LP104896,Male,Yes,0,Graduate,No,47340,16729,69900,360,0,Rural,N
LP104897,Male,,0,Graduate,Yes,47260,11831,70000,480,1,Rural,Y
LP104898,Male,No,0,Graduate,No,53500,48644,70000,360,1,Rural,Y
LP104899,Male,Yes,3+,Not Graduate,,58940,11671,64700,360,1,Semiurban,Y
LP104900,Male,No,1,Graduate,No,42830,8322,70000,360,1,Rural,Y
LP104901,Male,No,1,Graduate,No,188340,0,60300,360,1,Urban,Y
LP104902,Male,Yes,0,Not Graduate,No,44590,5888,70000,360,1,Semiurban,Y
LP104903,Male,Yes,2,Graduate,Yes,21580,15256,58700,360,1,Semiurban,Y
LP104904,Male,Yes,0,Graduate,No,31790,8751,65800,360,1,Urban,N
LP104905,,Yes,1,Graduate,,43370,21025,56300,360,,Rural,N
LP104906,Male,Yes,1,Not Graduate,No,33360,0,70000,360,1,Rural,N
LP104907,Male,Yes,0,Graduate,No,84880,33922,70000,360,1,Semiurban,Y
LP104908,Female,Yes,0,Graduate,Yes,76680,13527,65400,360,1,Semiurban,Y
LP104909,Male,Yes,0,Graduate,No,27640,0,57300,360,1,Urban,Y
LP104910,Male,Yes,0,Not Graduate,No,45410,0,62700,360,1,Semiurban,N
LP104911,Male,Yes,0,Not Graduate,Yes,30990,0,60000,360,1,Semiurban,N
LP104912,Male,Yes,0,Graduate,No,34190,28180,70000,360,1,Rural,Y
LP104913,Male,Yes,0,Graduate,No,15410,0,70000,360,1,Semiurban,Y
LP104914,Male,Yes,0,Not Graduate,,65890,18886,70000,360,1,Rural,Y
LP104915,Male,Yes,0,Graduate,No,30250,17138,70000,360,1,Semiurban,Y
LP104916,Male,No,0,Graduate,No,35790,6399,66300,300,1,Semiurban,Y
LP104917,Male,No,2,Graduate,Yes,327590,0,70000,360,1,Semiurban,Y
LP104918,Male,No,0,Graduate,No,37090,0,65000,360,1,Rural,Y
LP104919,Female,Yes,0,Graduate,No,44440,32001,70000,360,1,Urban,Y
LP104920,Male,No,2,Not Graduate,Yes,22990,0,70000,360,0,Urban,N
LP104921,Male,Yes,0,Graduate,No,177480,15398,70000,180,0,Rural,N
LP104922,Female,Yes,1,Graduate,Yes,53290,5045,70000,360,1,Semiurban,Y
LP104923,Male,No,0,Graduate,Yes,125880,12593,58400,360,1,Semiurban,Y
LP104924,Male,Yes,0,Graduate,No,44220,23971,68600,360,1,Rural,Y
LP104925,Male,Yes,0,Graduate,No,26480,11793,60200,360,1,Rural,N
LP104926,Male,Yes,0,Not Graduate,Yes,34640,10558,56100,360,,Semiurban,N
LP104927,Male,Yes,2,Not Graduate,No,53180,14488,56400,300,1,Rural,Y
LP104928,Male,Yes,0,Graduate,,9840,14439,67300,360,1,Urban,Y
LP104929,Male,Yes,0,Graduate,No,22810,6794,70000,480,1,Urban,N
LP104930,Male,Yes,0,Graduate,No,20860,0,39200,120,1,Urban,Y
LP104931,Female,No,0,Graduate,No,38240,0,70000,360,1,Rural,N
LP104932,Male,No,,Graduate,No,296490,0,65300,360,1,Urban,Y
LP104933,Male,Yes,1,Graduate,No,41910,12565,70000,360,1,Urban,Y
LP104934,Male,No,2,Graduate,No,44700,13727,62000,360,1,Semiurban,Y
LP104935,Male,Yes,2,Graduate,,26630,9045,63600,360,1,Rural,Y
LP104936,Male,Yes,0,Graduate,Yes,46690,0,66800,360,1,Semiurban,Y
LP104937,Male,No,3+,Graduate,No,30540,19879,68000,180,1,Urban,Y
LP104938,Female,Yes,0,Not Graduate,No,34860,0,70000,360,1,Semiurban,Y
LP104939,Male,Yes,1,Graduate,No,30190,0,56100,240,0,Urban,N
LP104940,Male,No,0,Graduate,No,75740,26044,70000,360,1,Semiurban,Y
LP104941,Female,Yes,0,Graduate,No,60610,28802,65100,360,1,Semiurban,Y
LP104942,Male,Yes,2,Graduate,No,23190,0,70000,360,1,Semiurban,Y
LP104943,Female,No,0,Graduate,No,25950,7499,69300,180,1,Rural,Y
LP104944,Male,Yes,1,Not Graduate,No,29050,32460,64800,360,1,Urban,Y
LP104945,Male,Yes,,Graduate,Yes,45910,0,64000,360,1,Semiurban,Y
LP104946,Male,Yes,0,Graduate,No,56540,24732,70000,360,1,Rural,Y
LP104947,Male,Yes,0,Graduate,No,22150,14826,70000,360,1,Rural,Y
LP104948,Male,Yes,0,Graduate,No,25620,40172,61200,360,1,Urban,Y
LP104949,Male,Yes,1,Graduate,,21240,30909,70000,360,0,Rural,N
LP104950,Male,Yes,0,Graduate,No,54410,54196,70000,360,1,Urban,Y
LP104951,Male,No,1,Graduate,No,30270,27722,60200,360,1,Semiurban,Y
LP104952,Male,Yes,2,Not Graduate,No,101650,0,56100,360,1,Semiurban,Y
LP104953,Male,Yes,0,Graduate,No,92220,7198,70000,360,1,Semiurban,Y
LP104954,Male,No,0,Graduate,No,15620,27728,70000,300,1,Semiurban,Y
LP104955,Female,Yes,0,Graduate,No,15600,14461,70000,360,1,Rural,Y
LP104956,Male,Yes,0,Graduate,No,44320,20205,59000,300,0,Urban,N
LP104957,Male,Yes,0,Graduate,No,172440,20660,69200,360,1,Urban,Y
LP104958,Male,Yes,2,Graduate,No,64730,10211,65100,360,1,Rural,Y
LP104959,Male,Yes,1,Graduate,,88990,0,63100,360,1,Urban,Y
LP104960,Male,Yes,,Graduate,No,25710,29753,70000,,1,Rural,Y
LP104961,Male,Yes,0,Not Graduate,No,229300,23702,70000,360,0,Rural,N
LP104962,Female,Yes,0,Graduate,No,62010,0,63000,180,,Urban,Y
LP104963,Male,Yes,0,Graduate,No,21420,49164,58600,360,1,Semiurban,Y
LP104964,Male,Yes,0,Graduate,No,72260,0,70000,360,1,Rural,Y
LP104965,Male,Yes,2,Graduate,No,50690,52663,57300,360,1,Urban,Y
LP104966,Male,Yes,3+,Graduate,,49440,0,28500,36,1,Semiurban,Y
LP104967,Male,Yes,3+,Graduate,Yes,28750,11631,70000,360,1,Semiurban,Y
LP104968,Male,Yes,0,Graduate,,50370,9629,69100,,0,Urban,N
LP104969,Female,No,0,Not Graduate,No,210460,0,64200,300,1,Urban,Y
LP104970,Male,Yes,0,Graduate,No,304030,0,70000,360,1,Rural,Y
LP104971,Male,Yes,3+,Graduate,No,49780,21436,70000,360,0,Rural,N
LP104972,Male,No,2,Graduate,,23340,10878,66500,360,1,Urban,Y
LP104973,Male,Yes,2,Graduate,No,63880,28859,70000,360,1,Rural,Y
LP104974,Male,Yes,2,Graduate,Yes,35770,0,67000,360,1,Rural,N
LP104975,Female,Yes,1,Graduate,Yes,30160,5362,70000,360,0,Urban,N
LP104976,Male,Yes,0,Graduate,No,22480,56922,62600,,1,Urban,Y
LP104977,,No,3+,Graduate,No,20460,20257,64600,180,1,Rural,N
LP104978,Female,No,0,Graduate,Yes,57290,0,59000,360,1,Rural,Y
LP104979,Male,Yes,1,Not Graduate,No,20690,0,57500,360,0,Urban,N
LP104980,Male,Yes,0,Graduate,No,39560,31740,64600,360,0,Rural,N
LP104981,Male,Yes,3+,Graduate,,36610,0,58600,360,,Urban,N
LP104982,Male,Yes,0,Graduate,No,132370,0,70000,360,1,Urban,Y
LP104983,Male,No,0,Graduate,No,17180,34126,66900,300,1,Urban,Y
LP104984,Male,Yes,1,Graduate,No,33680,0,64100,360,0,Semiurban,N
LP104985,Male,Yes,0,Graduate,No,212290,0,69100,84,1,Urban,Y
LP104986,Male,Yes,2,Not Graduate,No,44400,11646,70000,360,1,Rural,Y
LP104987,Male,No,0,Graduate,No,153270,0,70000,360,1,Semiurban,Y
LP104988,Male,Yes,0,Graduate,No,15780,0,70000,360,1,Urban,Y
LP104989,Male,Yes,2,Graduate,No,47760,0,70000,360,1,Rural,Y
LP104990,Male,No,0,Graduate,No,41630,0,61100,300,1,Semiurban,Y
LP104991,Male,Yes,0,Graduate,No,48530,0,70000,360,,Urban,N
LP104992,Male,Yes,0,Graduate,No,58610,0,70000,360,1,Rural,Y
LP104993,Female,Yes,1,Not Graduate,No,42950,19760,70000,360,1,Urban,Y
LP104994,Male,Yes,0,Not Graduate,No,24490,11793,64000,360,1,Urban,Y
LP104995,Male,No,2,Not Graduate,Yes,62100,0,70000,360,1,Semiurban,Y
LP104996,Male,Yes,0,Graduate,No,69480,0,70000,360,1,Urban,Y
LP104997,Male,Yes,2,Graduate,No,32700,18586,9600,12,1,Semiurban,Y
LP104998,Male,Yes,2,Graduate,No,24230,36543,59900,360,1,Urban,Y
LP104999,Male,No,0,Graduate,No,49120,0,70000,360,1,Rural,Y
LP105000,Male,Yes,0,Graduate,Yes,87210,10674,61600,360,1,Rural,Y
LP105001,Male,Yes,0,Not Graduate,Yes,30710,0,60800,360,1,Semiurban,N
LP105002,,No,0,Not Graduate,No,40400,26648,56500,240,1,Rural,Y
LP105003,Male,Yes,0,Graduate,No,117380,0,70000,360,1,Rural,Y
LP105004,Male,Yes,0,Graduate,No,24580,30682,70000,360,1,Rural,Y
LP105005,Male,Yes,1,Graduate,No,50360,0,65700,,1,Urban,Y
LP105006,Male,No,0,Graduate,,24100,40776,69200,360,1,Urban,Y
LP105007,Male,No,0,Graduate,No,61640,19598,70000,120,1,Urban,Y
LP105008,Male,No,0,Graduate,No,37730,25211,70000,360,0,Semiurban,N
LP105009,Female,Yes,0,Graduate,No,24700,18409,70000,360,1,Urban,N
LP105010,Female,No,0,Graduate,No,13820,30591,66100,360,1,Rural,Y
LP105011,Male,Yes,0,Graduate,No,18030,44562,57200,360,1,Semiurban,Y
LP105012,Male,Yes,0,Graduate,No,31380,15924,70000,360,1,Urban,Y
LP105013,Male,No,0,Graduate,No,27440,15211,62200,360,1,Semiurban,Y
LP105014,Male,Yes,2,Graduate,No,68930,4064,70000,,1,Rural,Y
LP105015,Male,Yes,3+,Graduate,Yes,64680,22146,70000,360,0,Urban,N
LP105016,Male,Yes,0,Graduate,No,64750,0,56100,360,1,Semiurban,Y
LP105017,Male,Yes,1,Not Graduate,No,70080,49435,69900,360,1,Rural,Y
LP105018,Female,Yes,0,Not Graduate,No,75750,9050,68900,360,1,Semiurban,Y
LP105019,Male,Yes,0,Graduate,No,60740,0,70000,360,1,Semiurban,Y
LP105020,Male,No,0,Graduate,No,163680,10299,70000,360,1,Semiurban,Y
LP105021,Male,No,0,Graduate,No,40130,9771,70000,360,1,Rural,Y
LP105022,Female,No,0,Not Graduate,No,59750,0,62400,360,1,Semiurban,Y
LP105023,Male,Yes,0,Graduate,No,58700,24879,70000,360,1,Urban,Y
LP105024,Male,No,0,Not Graduate,No,42840,52016,70000,360,1,Urban,Y
LP105025,Male,Yes,0,Graduate,No,36400,8897,65900,360,1,Rural,Y
LP105026,Male,No,1,Graduate,No,174950,63210,57100,360,,Rural,Y
LP105027,Male,Yes,3+,Graduate,No,23060,14555,64000,360,0,Semiurban,N
LP105028,Male,No,2,Graduate,Yes,43910,17505,70000,360,1,Urban,Y
LP105029,Male,Yes,0,Not Graduate,Yes,23400,35444,70000,360,1,Semiurban,Y
LP105030,Male,Yes,0,Not Graduate,No,103420,20338,67300,360,1,Semiurban,Y
LP105031,Male,Yes,0,Not Graduate,No,77660,7138,61400,360,1,Rural,Y
LP105032,Male,No,0,Graduate,No,40890,35063,62100,360,1,Rural,Y
LP105033,Male,Yes,3+,Graduate,Yes,45080,0,65200,360,1,Rural,N
LP105034,Male,Yes,1,Graduate,Yes,36370,0,70000,360,,Semiurban,N
LP105035,Male,Yes,2,Graduate,No,27920,9389,56200,360,,Semiurban,N
LP105036,Male,Yes,2,Graduate,No,53000,0,65800,360,1,Urban,Y
LP105037,Male,No,0,Graduate,No,54920,0,60400,360,1,Urban,Y
LP105038,Male,Yes,0,Graduate,No,52840,46934,70000,360,1,Rural,Y
LP105039,Male,Yes,0,Graduate,No,188530,41871,70000,36,1,Semiurban,Y
LP105040,Male,Yes,0,Graduate,No,19900,7967,70000,360,1,Semiurban,Y
LP105041,Male,Yes,3+,Graduate,No,34040,24447,65000,360,1,Urban,Y
LP105042,Male,Yes,0,Graduate,Yes,81710,27618,70000,360,1,Rural,Y
LP105043,Female,Yes,3+,Not Graduate,Yes,32640,9767,70000,360,1,Semiurban,N
LP105044,Male,No,0,Graduate,No,63320,0,66800,360,1,Semiurban,Y
LP105045,Male,Yes,2,Graduate,,23580,48034,58500,360,1,Rural,Y
LP105046,Male,Yes,0,Graduate,No,32030,46955,70000,360,0,Rural,N
LP105047,Male,No,0,Graduate,No,49410,16654,63000,360,1,Rural,Y
LP105048,Male,Yes,0,Graduate,,28820,0,63300,360,1,Semiurban,Y
LP105049,Male,Yes,2,Graduate,No,108880,23379,70000,360,1,Semiurban,Y
LP105050,Male,No,0,Graduate,No,37690,12661,70000,360,1,Urban,Y
LP105051,Male,Yes,0,Graduate,No,33790,0,57000,360,1,Urban,Y
LP105052,Male,No,0,Graduate,No,37710,5041,70000,360,1,Urban,Y
LP105053,Male,Yes,0,Graduate,No,175860,0,64100,360,1,Rural,Y
LP105054,Male,Yes,2,Graduate,,23420,0,70000,360,1,Semiurban,Y
LP105055,Female,Yes,0,Graduate,No,66870,6569,61800,360,1,Rural,Y
LP105056,Male,Yes,1,Not Graduate,No,16240,0,70000,180,,Rural,N
LP105057,Male,Yes,2,Graduate,No,19780,0,70000,360,,Urban,N
LP105058,Male,No,0,Graduate,No,26460,58369,69800,,0,Semiurban,N
LP105059,Male,Yes,0,Graduate,No,28730,20115,63900,360,1,Urban,N
LP105060,Male,Yes,0,Graduate,Yes,43590,0,70000,360,1,Urban,Y
LP105061,Male,Yes,0,Not Graduate,No,38620,17260,70000,300,1,Semiurban,Y
LP105062,Male,No,0,Graduate,No,21260,43180,63200,360,1,Semiurban,Y
LP105063,Male,Yes,0,Not Graduate,No,82110,6588,58400,360,1,Semiurban,Y
LP105064,Male,Yes,0,Graduate,No,22960,15286,58200,360,1,Urban,Y
LP105065,Male,No,1,Not Graduate,No,23580,0,70000,360,1,Urban,N
LP105066,Male,Yes,0,Graduate,No,45710,0,70000,360,1,Rural,Y
LP105067,Male,No,0,Graduate,,26230,0,64800,180,,Rural,N
LP105068,Male,Yes,,Not Graduate,No,489730,36935,62100,360,1,Rural,Y
LP105069,Male,Yes,0,Graduate,Yes,151770,33482,62400,180,1,Rural,Y
LP105070,Female,Yes,0,Not Graduate,No,59880,12890,66000,360,1,Semiurban,Y
LP105071,Male,No,0,Not Graduate,No,25210,0,70000,360,,Rural,N
LP105072,Male,Yes,1,Graduate,No,140010,0,63900,360,1,Urban,Y
LP105073,Male,Yes,0,Graduate,No,53650,19654,60700,360,1,Semiurban,Y
LP105074,Female,No,1,Graduate,,17900,0,64900,360,1,Semiurban,Y
LP105075,Male,Yes,0,Graduate,No,25360,17295,70000,360,1,Semiurban,Y
LP105076,Female,Yes,1,Graduate,No,35190,59048,70000,360,0,Rural,N
LP105077,Male,Yes,1,Not Graduate,No,19510,24488,70000,180,0,Rural,N
LP105078,Male,Yes,0,Graduate,No,71150,70647,70000,60,1,Semiurban,Y
LP105079,Male,Yes,1,Graduate,No,30350,0,70000,360,,Rural,N
LP105080,Male,Yes,1,Graduate,No,45420,25449,63100,360,1,Semiurban,Y
LP105081,Male,Yes,0,Graduate,No,39750,0,61900,360,1,Rural,N
LP105082,Male,Yes,1,Graduate,,34820,23486,68800,360,1,Urban,Y
LP105083,Female,Yes,0,Graduate,Yes,11650,27223,70000,360,1,Urban,N
LP105084,Male,No,0,Graduate,No,38530,15821,70000,360,1,Semiurban,Y
LP105085,Male,No,1,Graduate,No,91460,12060,70000,360,1,Rural,Y
LP105086,Male,Yes,0,Graduate,No,30360,59726,62200,360,1,Rural,Y
LP105087,Male,No,1,Not Graduate,No,25030,0,70000,360,1,Rural,N
LP105088,Male,Yes,0,Graduate,Yes,28420,16554,70000,360,1,Urban,Y
LP105089,Male,Yes,,Graduate,No,53150,20481,59700,360,1,Semiurban,Y
LP105090,,Yes,0,Not Graduate,No,61510,0,62200,360,1,Rural,Y
LP105091,Male,,0,Graduate,No,28650,12559,60100,360,1,Urban,Y
LP105092,Male,No,0,Graduate,No,127540,0,67100,360,,Urban,Y
LP105093,Female,Yes,0,Graduate,,44090,23237,70000,360,1,Semiurban,Y
LP105094,Male,No,0,Graduate,No,16370,34233,70000,360,1,Urban,Y
LP105095,Male,Yes,0,Not Graduate,No,40790,0,70000,360,1,Urban,N
LP105096,Male,Yes,2,Graduate,No,67880,23602,58800,180,1,Rural,Y
LP105097,Male,No,1,Graduate,,59760,23921,64200,360,0,Semiurban,N
LP105098,Male,Yes,1,Graduate,No,66720,0,70000,360,1,Urban,Y
LP105099,,Yes,0,Graduate,No,46050,0,48800,60,1,Urban,N
LP105100,Male,Yes,0,Graduate,No,34840,0,70000,360,,Rural,N
LP105101,Male,No,1,Graduate,No,101230,30823,70000,360,1,Urban,Y
LP105102,Male,No,2,Graduate,No,47130,8407,56000,360,1,Semiurban,Y
LP105103,Male,Yes,0,Graduate,No,20390,0,70000,360,1,Urban,N
LP105104,Male,Yes,1,Graduate,No,41530,19730,57600,360,1,Semiurban,Y
LP105105,Male,No,0,Graduate,No,27610,0,60600,360,1,Urban,N
LP105106,Female,Yes,2,Graduate,No,38790,0,70000,240,1,Semiurban,Y
LP105107,Male,Yes,0,Graduate,No,74410,0,70000,180,1,Rural,Y
LP105108,Male,Yes,0,Graduate,Yes,49780,9118,56600,360,1,Semiurban,Y
LP105109,Male,No,2,Graduate,No,124950,0,70000,360,1,Rural,Y
LP105110,Male,Yes,3+,Graduate,No,25340,0,59600,360,,Semiurban,N
LP105111,Male,Yes,3+,Graduate,No,30580,14107,70000,360,1,Semiurban,Y
LP105112,Male,Yes,2,Graduate,No,29360,8514,70000,360,1,Urban,Y
LP105113,Male,Yes,2,Not Graduate,No,123740,0,70000,180,1,Semiurban,Y
LP105114,Male,No,0,Graduate,No,28290,0,56000,360,1,Rural,N
LP105115,Male,Yes,0,Graduate,No,9740,61968,59200,180,1,Rural,Y
LP105116,Male,No,,Graduate,No,59420,14426,57100,360,0,Semiurban,N
LP105117,Male,Yes,0,Graduate,No,36710,8952,64800,360,1,Rural,Y
LP105118,Female,Yes,0,Graduate,Yes,78090,0,70000,360,1,Semiurban,Y
LP105119,Male,No,1,Graduate,No,85500,19863,66400,360,0,Semiurban,N
LP105120,Male,Yes,2,Graduate,No,57700,20086,56300,360,1,Rural,Y
LP105121,Male,Yes,0,Not Graduate,,19950,14122,69700,360,0,Semiurban,N
LP105122,Male,Yes,0,Graduate,No,38630,13765,70000,360,1,Semiurban,Y
LP105123,,Yes,2,Graduate,Yes,32990,17116,70000,360,1,Semiurban,Y
LP105124,,No,2,Graduate,No,35100,18656,70000,60,1,Urban,Y
LP105125,Male,Yes,0,Graduate,No,22590,11759,70000,360,1,Urban,Y
LP105126,Male,Yes,0,Not Graduate,No,20420,32509,59200,360,1,Urban,N
LP105127,Male,Yes,1,Graduate,,14110,36125,70000,180,1,Urban,Y
LP105128,Male,Yes,0,Graduate,No,67940,15082,70000,360,1,Semiurban,Y
LP105129,Male,No,0,Graduate,No,11280,14557,70000,180,1,Urban,Y
LP105130,Female,Yes,0,Graduate,No,35370,9860,70000,180,1,Semiurban,Y
LP105131,Male,Yes,1,Graduate,Yes,28870,45284,58100,360,1,Urban,Y
LP105132,Male,No,1,Not Graduate,No,49100,10382,66900,360,1,Urban,Y
LP105133,Male,Yes,0,Not Graduate,No,17740,14859,70000,360,0,Semiurban,N
LP105134,Male,No,0,Not Graduate,,33070,24350,68100,360,1,Semiurban,Y
LP105135,Male,Yes,3+,Not Graduate,No,28610,24575,66300,360,1,Urban,N
LP105136,Male,Yes,0,Not Graduate,,86970,29492,61600,360,1,Rural,Y
LP105137,Male,Yes,0,Graduate,No,35630,16199,70000,180,1,Rural,Y
LP105138,Male,Yes,0,Graduate,No,31010,0,70000,360,1,Semiurban,Y
LP105139,Male,No,1,Graduate,No,61930,12409,70000,360,0,Semiurban,N
LP105140,Male,Yes,3+,Not Graduate,No,37150,18644,69000,360,0,Urban,N
LP105141,Male,No,0,Graduate,No,29050,7936,70000,360,0,Rural,N
LP105142,Male,No,2,Graduate,No,42100,17431,70000,360,1,Semiurban,Y
LP105143,Male,Yes,0,Graduate,Yes,45600,0,70000,360,1,Rural,Y
LP105144,Male,Yes,2,Graduate,No,28630,0,61200,360,1,Semiurban,Y
LP105145,Male,Yes,0,Graduate,No,277910,0,66600,120,1,Semiurban,Y
LP105146,Male,Yes,1,Graduate,No,24530,0,70000,360,1,Urban,Y
LP105147,Male,Yes,0,Graduate,No,78660,6336,70000,360,1,Rural,Y
LP105148,Male,No,0,Not Graduate,No,44270,24049,64700,360,,Semiurban,N
LP105149,Male,Yes,0,Not Graduate,No,25450,0,68600,360,1,Rural,N
LP105150,Male,No,2,Graduate,No,44070,38960,70000,360,1,Semiurban,Y
LP105151,Male,Yes,2,Graduate,No,35330,24446,70000,360,1,Semiurban,Y
LP105152,Male,Yes,3+,Graduate,No,29930,0,65000,360,1,Rural,Y
LP105153,Male,Yes,0,Graduate,No,74840,48054,68900,180,1,Rural,Y
LP105154,Male,Yes,0,Not Graduate,No,28020,0,60500,300,,Rural,N
LP105155,Male,No,2,Graduate,No,21460,16056,70000,180,1,Rural,Y
LP105156,Male,No,1,Graduate,No,92330,6024,60600,360,1,Rural,Y
LP105157,Male,No,0,Graduate,No,22680,0,65500,360,0,Semiurban,N
LP105158,Male,Yes,0,Not Graduate,No,71420,55117,62500,360,1,Semiurban,Y
LP105159,Male,Yes,0,Graduate,No,34750,8597,65400,360,1,Semiurban,Y
LP105160,Male,Yes,3+,Graduate,No,93490,47063,61400,180,1,Semiurban,Y
LP105161,Male,Yes,0,Graduate,No,49420,0,70000,360,1,Semiurban,Y
LP105162,Male,No,0,Not Graduate,No,25260,0,70000,360,1,Rural,N
LP105163,Female,Yes,2,Graduate,No,35610,0,61100,360,1,Rural,Y
LP105164,Male,No,1,Graduate,Yes,33870,22051,70000,360,0,Urban,N
LP105165,Male,No,,Graduate,No,69940,30645,66600,360,1,Urban,Y
LP105166,Male,No,1,Graduate,No,22420,0,57500,360,1,Urban,Y
LP105167,Male,No,3+,Not Graduate,No,67640,21817,68400,360,1,Rural,Y
LP105168,Male,Yes,1,Graduate,,49600,0,56100,360,,Urban,N
LP105169,Male,Yes,1,Not Graduate,No,70440,0,69200,480,,Urban,N
LP105170,Female,No,1,Not Graduate,,68570,17696,60700,360,1,Urban,Y
LP105171,Female,No,2,Graduate,No,28660,7058,70000,360,1,Semiurban,Y
LP105172,Male,Yes,0,Graduate,No,42550,81595,70000,360,1,Rural,Y
LP105173,Male,Yes,1,Graduate,No,15900,17734,70000,360,1,Semiurban,Y
LP105174,Male,No,0,Not Graduate,No,48570,19466,70000,360,1,Urban,Y
LP105175,Male,Yes,0,Graduate,No,124830,8292,70000,360,0,Semiurban,Y
LP105176,Male,No,1,Not Graduate,No,40430,11482,70000,360,1,Urban,Y
LP105177,Male,Yes,0,Graduate,No,13590,37025,57000,300,1,Rural,Y
LP105178,Female,Yes,0,Graduate,No,56040,18650,57400,360,1,Semiurban,Y
LP105179,Male,Yes,2,Graduate,Yes,40360,34447,69300,240,1,Semiurban,Y
LP105180,Female,Yes,0,Graduate,No,152840,0,70000,360,1,Rural,Y
LP105181,Male,No,1,Graduate,No,54680,0,70000,360,1,Semiurban,Y
LP105182,Male,Yes,0,Graduate,Yes,31840,0,68900,360,1,Urban,N
LP105183,Male,Yes,1,Graduate,,293540,0,70000,360,1,Rural,Y
LP105184,Male,No,0,Graduate,No,42060,20313,61700,360,1,Urban,Y
LP105185,Male,No,0,Graduate,No,20550,21477,65100,360,1,Urban,Y
LP105186,Male,Yes,0,Graduate,No,81090,12328,66900,360,,Semiurban,N
LP105187,Female,Yes,2,Graduate,No,25220,9536,38800,60,0,Rural,N
LP105188,,No,0,Graduate,No,94720,40191,57500,360,1,Semiurban,Y
LP105189,Female,No,3+,Graduate,No,86400,8681,60600,360,1,Rural,Y
LP105190,Male,Yes,0,Graduate,No,37590,8321,61800,360,1,Semiurban,Y
LP105191,Female,Yes,0,Graduate,,26620,0,59900,360,1,Rural,Y
LP105192,Male,No,0,Not Graduate,No,24080,0,70000,300,1,Semiurban,N
LP105193,Male,Yes,2,Graduate,Yes,63600,14255,70000,360,1,Urban,Y
LP105194,Male,Yes,2,Graduate,No,58880,25979,58700,360,1,Rural,Y
LP105195,Male,Yes,0,Graduate,No,102660,0,70000,360,1,Rural,Y
LP105196,Female,Yes,0,Graduate,No,18710,38489,70000,360,0,Rural,N
LP105197,Male,Yes,0,Graduate,No,60990,0,70000,360,1,Rural,Y
LP105198,Female,Yes,0,Graduate,Yes,23490,33086,64400,360,1,Urban,Y
LP105199,Male,Yes,0,Not Graduate,No,163450,0,70000,360,0,Semiurban,N
LP105200,Male,Yes,0,Graduate,No,116550,11028,70000,360,,Rural,Y
LP105201,Male,Yes,0,Graduate,No,26340,61850,70000,360,,Rural,N
LP105202,Male,Yes,0,Not Graduate,Yes,133650,28908,57700,360,1,Semiurban,Y
LP105203,Male,Yes,0,Graduate,Yes,25500,0,70000,360,1,Urban,Y
LP105204,Female,No,3+,Graduate,No,83670,0,70000,360,0,Urban,N
LP105205,Male,Yes,2,Graduate,No,255700,8045,57400,360,1,Urban,Y
LP105206,Male,Yes,0,Graduate,No,30200,0,70000,360,,Rural,N
LP105207,Male,Yes,0,Not Graduate,Yes,136350,19330,66300,360,0,Urban,N
LP105208,Male,Yes,0,Graduate,No,33590,0,70000,360,1,Urban,Y
LP105209,Male,Yes,1,Graduate,No,43500,0,70000,360,1,Semiurban,Y
LP105210,Male,Yes,0,Graduate,No,49730,28096,70000,,1,Semiurban,Y
LP105211,Male,Yes,0,Graduate,No,23360,0,70000,360,1,Rural,Y
LP105212,Male,Yes,1,Graduate,No,32030,37028,64700,180,1,Urban,Y
LP105213,Male,No,0,Graduate,,54450,7934,68200,360,1,Semiurban,Y
LP105214,Male,Yes,2,Graduate,Yes,164960,5517,67700,360,,Urban,Y
LP105215,Female,Yes,,Graduate,No,37180,0,70000,360,1,Urban,Y
LP105216,Male,Yes,0,Graduate,No,417160,10238,64400,360,0,Urban,Y
LP105217,Male,Yes,0,Graduate,No,25010,28595,70000,180,1,Urban,Y
LP105218,Female,Yes,0,Graduate,Yes,18180,12369,70000,360,1,Semiurban,Y
LP105219,Male,Yes,0,Graduate,No,47610,0,70000,300,1,Semiurban,Y
LP105220,Male,Yes,0,Graduate,No,27360,0,65700,360,,Semiurban,Y
LP105221,Male,Yes,0,Graduate,Yes,32740,0,61100,360,1,Urban,Y
LP105222,Male,No,0,Not Graduate,No,50890,0,56000,360,1,Rural,Y
LP105223,Female,Yes,0,Not Graduate,No,44010,0,70000,360,0,Rural,N
LP105224,Male,Yes,0,Graduate,No,41050,14752,62000,360,0,Urban,N
LP105225,Male,Yes,2,Graduate,No,166810,16787,70000,360,1,Rural,Y
LP105226,Male,Yes,2,Graduate,No,44730,13419,58300,300,1,Semiurban,Y
LP105227,Female,Yes,0,Graduate,Yes,33530,0,70000,360,1,Semiurban,Y
LP105228,Male,Yes,0,Graduate,No,23320,17705,56200,360,0,Semiurban,N
LP105229,Male,No,1,Graduate,No,25270,0,60900,360,1,Semiurban,Y
LP105230,Male,No,3+,Graduate,No,22050,0,66300,360,1,Rural,Y
LP105231,Male,No,2,Graduate,No,40900,20542,70000,360,1,Semiurban,Y
LP105232,Male,No,1,Graduate,No,51780,0,70000,360,1,Semiurban,Y
LP105233,Male,No,0,Graduate,No,29980,0,62600,360,1,Rural,Y
LP105234,Male,No,0,Not Graduate,Yes,43740,25161,70000,360,1,Rural,Y
LP105235,Male,No,0,Graduate,Yes,44470,11017,70000,360,0,Rural,N
LP105236,Male,Yes,2,Graduate,No,38940,0,69800,360,1,Rural,Y
LP105237,Male,Yes,2,Graduate,No,42890,0,70000,360,1,Rural,Y
LP105238,,Yes,1,Graduate,No,36520,5170,70000,360,,Rural,N
LP105239,Female,No,0,Graduate,Yes,39130,68193,56100,360,1,Semiurban,Y
LP105240,Male,Yes,1,Graduate,No,30960,11681,70000,360,1,Rural,Y
LP105241,Female,Yes,0,Graduate,Yes,43070,0,70000,360,1,Semiurban,Y
LP105242,Female,Yes,0,Graduate,No,41900,36983,70000,360,1,Urban,Y
LP105243,Male,No,2,Not Graduate,No,20670,28041,58800,360,1,Urban,N
LP105244,Female,Yes,0,Graduate,No,47490,16602,70000,360,0,Semiurban,N
LP105245,Male,No,2,Not Graduate,No,42400,33532,70000,360,1,Rural,Y
LP105246,Male,Yes,0,Graduate,Yes,53910,9107,59600,360,1,Rural,Y
LP105247,Male,Yes,,Graduate,No,52660,17392,70000,480,1,Urban,Y
LP105248,Male,No,0,Graduate,No,37620,0,70000,360,1,Rural,Y
LP105249,Male,Yes,0,Graduate,No,37620,16522,69300,360,1,Semiurban,Y
LP105250,Female,No,0,Graduate,No,62240,17195,70000,360,,Semiurban,Y
LP105251,Male,Yes,0,Graduate,Yes,21990,0,60600,360,1,Urban,Y
LP105252,Male,Yes,3+,Not Graduate,No,30500,20127,70000,360,1,Rural,Y
LP105253,Male,Yes,0,Not Graduate,No,63300,0,64900,360,1,Urban,Y
LP105254,Male,Yes,2,Graduate,,47760,10854,70000,360,0,Urban,N
LP105255,Male,Yes,2,Graduate,No,111400,21194,70000,180,1,Semiurban,Y
LP105256,Male,No,1,Graduate,No,64630,16507,70000,360,1,Urban,Y
LP105257,Male,No,0,Not Graduate,No,183980,29920,70000,360,,Urban,N
LP105258,Female,Yes,0,Graduate,,62990,0,65000,360,1,Rural,Y
LP105259,Male,Yes,0,Graduate,,58590,30513,70000,180,1,Semiurban,Y
LP105260,Female,No,2,Graduate,No,31590,12830,56100,360,0,Semiurban,N
LP105261,Male,No,0,Graduate,Yes,163100,31649,70000,180,1,Semiurban,Y
LP105262,Female,Yes,,Graduate,No,32930,0,70000,360,1,Semiurban,Y
LP105263,Female,Yes,1,Graduate,No,58800,0,58400,360,1,Rural,Y
LP105264,Male,Yes,0,Not Graduate,No,70000,10434,70000,360,0,Urban,N
LP105265,Male,Yes,1,Graduate,No,24980,16620,60700,360,0,Rural,N
LP105266,Male,Yes,3+,Graduate,No,41810,0,70000,360,1,Urban,Y
LP105267,Male,Yes,2,Graduate,No,97520,40697,70000,360,1,Urban,Y
LP105268,Male,Yes,0,Not Graduate,No,44060,0,70000,360,1,Semiurban,N
LP105269,Male,No,0,Graduate,No,37060,7639,70000,360,1,Semiurban,Y
LP105270,Female,Yes,0,Graduate,No,20140,21401,62600,180,1,Semiurban,Y
LP105271,Male,Yes,0,Not Graduate,Yes,37160,33195,62700,480,0,Semiurban,N
LP105272,Female,No,0,Graduate,No,33900,126556,70000,360,1,Urban,Y
LP105273,Male,No,1,Graduate,No,533560,16215,70000,360,0,Rural,N
LP105274,Male,No,0,Graduate,No,34700,32857,58000,360,1,Rural,Y
LP105275,Male,No,0,Not Graduate,No,78350,6767,70000,360,1,Rural,Y
LP105276,Male,Yes,,Graduate,No,16290,12449,70000,360,1,Urban,Y
LP105277,Male,Yes,0,Graduate,No,47320,0,56500,360,0,Rural,N
LP105278,Female,Yes,3+,Graduate,No,45530,34353,67900,360,1,Semiurban,Y
LP105279,Male,Yes,0,Graduate,No,21220,4505,17900,84,1,Urban,Y
LP105280,Male,No,1,Not Graduate,No,53560,11000,70000,360,1,Rural,N
LP105281,Female,No,0,Graduate,Yes,14680,19725,70000,360,1,Semiurban,Y
LP105282,Male,Yes,0,Graduate,No,52020,16804,58700,360,1,Urban,Y
LP105283,Male,No,,Not Graduate,No,29630,0,56800,360,1,Semiurban,Y
LP105284,Male,Yes,0,Graduate,Yes,33880,14476,70000,300,0,Semiurban,N
LP105285,Male,Yes,0,Graduate,No,19850,11776,65800,360,0,Urban,N
LP105286,Male,Yes,2,Graduate,No,46030,21930,70000,360,1,Semiurban,Y
LP105287,Female,Yes,,Graduate,No,39260,9952,70000,240,0,Urban,N
LP105288,Male,No,0,Graduate,No,33550,0,70000,300,1,Urban,Y
LP105289,Male,No,0,Graduate,No,13660,20124,68400,360,0,Semiurban,N
LP105290,Male,Yes,3+,Graduate,No,314860,0,70000,360,1,Semiurban,Y
LP105291,Male,Yes,2,Not Graduate,No,18750,0,65300,360,1,Rural,N
LP105292,Male,No,,Graduate,No,27970,22028,59600,360,1,Semiurban,Y
LP105293,Male,No,2,Graduate,No,283300,13817,69700,360,1,Urban,Y
LP105294,Male,Yes,0,Not Graduate,No,26660,5548,60500,360,1,Urban,N
LP105295,Male,Yes,1,Graduate,No,38140,61564,70000,360,1,Semiurban,Y
LP105296,Male,No,1,Graduate,No,41240,17840,64900,360,1,Semiurban,Y
LP105297,Male,No,0,Graduate,No,42080,0,70000,180,1,Urban,Y
LP105298,Male,Yes,0,Not Graduate,Yes,36220,11101,65900,360,1,Urban,N
LP105299,Male,No,0,Graduate,No,52730,0,57000,360,1,Rural,Y
LP105300,Male,No,0,Graduate,,40300,18273,70000,360,1,Rural,Y
LP105301,Male,Yes,0,Graduate,Yes,23470,39525,59400,360,1,Urban,Y
LP105302,Male,No,2,Graduate,Yes,49100,12976,70000,360,1,Semiurban,Y
LP105303,Female,Yes,0,Not Graduate,,57140,0,56400,360,1,Urban,Y
LP105304,Male,Yes,0,Graduate,No,29100,0,67800,360,1,Rural,Y
LP105305,Female,No,0,Not Graduate,No,25600,11462,70000,360,0,Urban,N
LP105306,Female,Yes,0,Not Graduate,No,16400,0,61300,360,1,Urban,N
LP105307,Female,Yes,0,Not Graduate,Yes,45010,6026,66200,360,1,Rural,Y
LP105308,Male,No,0,Graduate,No,63920,5204,70000,360,1,Semiurban,Y
LP105309,Male,Yes,1,Graduate,No,35020,0,70000,360,1,Semiurban,Y
LP105310,Male,No,0,Not Graduate,No,34020,0,67800,360,,Urban,N
LP105311,Female,No,0,Graduate,No,31430,9672,70000,360,1,Urban,Y
LP105312,Male,Yes,1,Graduate,Yes,21480,0,70000,360,1,Semiurban,Y
LP105313,Male,Yes,0,Graduate,No,44870,12994,61400,300,1,Urban,Y
LP105314,Male,No,2,Graduate,Yes,41970,10630,57200,360,1,Urban,Y
LP105315,Male,No,2,Not Graduate,No,39500,39520,63800,360,1,Urban,Y
LP105316,Female,Yes,0,Graduate,No,47390,14117,70000,,,Urban,N
LP105317,Male,Yes,2,Graduate,No,40870,15649,70000,360,0,Rural,N
LP105318,Male,Yes,0,Not Graduate,No,36530,0,68100,360,1,Urban,N
LP105319,Male,No,2,Not Graduate,No,31440,0,59800,360,1,Rural,N
LP105320,Male,No,2,Graduate,No,33810,0,62900,360,1,Urban,Y
LP105321,Male,No,3+,Graduate,No,40050,9962,70000,360,1,Rural,Y
LP105322,Male,No,0,Graduate,Yes,23050,7859,69800,360,0,Urban,N
LP105323,Female,No,0,Graduate,No,51140,8710,70000,360,1,Urban,Y
LP105324,Male,No,0,Graduate,No,147010,0,58200,180,1,Semiurban,Y
LP105325,Male,Yes,0,Graduate,No,78190,0,70000,360,1,Semiurban,Y
LP105326,Female,No,3+,Graduate,Yes,45870,18461,70000,360,1,Rural,Y
LP105327,Female,No,0,Graduate,No,15010,26784,58200,360,,Semiurban,N
LP105328,Male,No,0,Graduate,No,52440,9959,70000,360,,Rural,N
LP105329,Male,No,0,Not Graduate,No,43980,0,57800,360,1,Semiurban,Y
LP105330,Male,Yes,2,Graduate,Yes,79910,0,70000,360,,Rural,N
LP105331,Male,Yes,,Graduate,No,38040,8467,70000,360,1,Rural,Y
LP105332,Male,Yes,1,Graduate,Yes,45550,0,61000,360,1,Urban,Y
LP105333,Male,Yes,0,Graduate,No,30640,16787,70000,360,1,Semiurban,Y
LP105334,Male,Yes,3+,Graduate,No,30440,0,56300,360,,Rural,N
LP105335,Male,Yes,0,Graduate,No,21370,14223,70000,360,1,Rural,N
LP105336,Male,Yes,0,Not Graduate,No,157020,17600,60900,360,1,Semiurban,Y
LP105337,Male,Yes,2,Graduate,No,149050,0,57200,360,,Semiurban,Y
LP105338,Female,Yes,0,Graduate,Yes,89360,36520,70000,360,0,Urban,N
LP105339,Female,Yes,3+,Graduate,Yes,21440,24225,70000,360,1,Urban,N
LP105340,Male,Yes,2,Graduate,No,271500,0,70000,360,1,Rural,Y
LP105341,Male,Yes,0,Graduate,No,178280,0,70000,360,1,Rural,Y
LP105342,Male,Yes,0,Graduate,No,33230,13169,67000,360,1,Rural,Y
LP105343,Female,No,0,Graduate,,58030,7699,70000,360,,Rural,N
LP105344,Female,No,,Graduate,No,23520,14243,70000,360,1,Semiurban,Y
LP105345,Male,Yes,2,Graduate,No,63540,22707,70000,360,1,Urban,Y
LP105346,Male,No,0,Not Graduate,,23550,15009,68100,360,,Semiurban,N
LP105347,Female,Yes,2,Not Graduate,No,27610,0,69900,360,,Semiurban,N
LP105348,Female,Yes,0,Graduate,No,26450,32530,44100,60,1,Urban,Y
LP105349,Male,No,0,Graduate,No,19630,47470,70000,180,0,Rural,N
LP105350,Male,Yes,0,Graduate,No,52850,0,70000,360,1,Rural,Y
LP105351,Male,Yes,0,Graduate,No,59480,0,70000,360,0,Urban,N
LP105352,Male,Yes,0,Graduate,Yes,29560,16525,70000,,1,Rural,N
LP105353,Male,No,0,Graduate,Yes,19100,13198,64300,360,1,Urban,Y
LP105354,Male,No,2,Graduate,No,45460,39349,70000,360,0,Rural,N
LP105355,Male,No,0,Graduate,No,22120,14520,70000,360,1,Rural,Y
LP105356,Male,Yes,1,Graduate,No,34010,7825,18200,36,1,Urban,Y
LP105357,Male,Yes,1,Graduate,No,47500,11710,70000,360,1,Semiurban,Y
LP105358,Male,No,0,Graduate,No,118810,0,70000,360,0,Semiurban,N
LP105359,Female,No,0,Graduate,Yes,29700,0,70000,360,1,Semiurban,Y
LP105360,Male,Yes,0,Graduate,No,25520,18004,68600,300,1,Urban,Y
LP105361,Male,Yes,3+,Graduate,No,117380,14465,70000,180,1,Rural,Y
LP105362,Male,No,0,Graduate,No,26230,0,59400,480,1,Urban,N
LP105363,Male,No,2,Graduate,Yes,161820,0,61400,360,0,Urban,N
LP105364,Male,Yes,0,Not Graduate,No,76620,19663,70000,360,1,Urban,Y
LP105365,Female,No,2,Graduate,No,57000,7851,70000,180,1,Rural,Y
LP105366,Male,No,2,Graduate,No,39080,9360,70000,360,1,Urban,Y
LP105367,Male,Yes,0,Graduate,No,18730,11602,39600,84,1,Urban,Y
LP105368,Male,Yes,0,Graduate,No,273130,31971,70000,360,1,Rural,Y
LP105369,Male,Yes,3+,Graduate,No,40610,7208,61100,360,1,Urban,Y
LP105370,Male,Yes,0,Graduate,Yes,33330,0,70000,360,1,Semiurban,Y
LP105371,Male,No,0,Not Graduate,No,41700,20089,68200,360,1,Urban,Y
LP105372,Male,Yes,0,Graduate,Yes,15880,0,37800,180,1,Semiurban,Y
LP105373,Male,Yes,0,Graduate,No,24390,17398,70000,360,1,Urban,N
LP105374,Male,Yes,2,Graduate,Yes,46340,4841,70000,360,1,Urban,Y
LP105375,Male,Yes,0,Graduate,No,33840,19701,70000,360,1,Semiurban,Y
LP105376,Male,No,0,Graduate,Yes,53360,27400,56100,360,1,Semiurban,Y
LP105377,Male,No,0,Graduate,No,47320,11188,60100,360,1,Rural,Y
LP105378,Male,Yes,3+,Not Graduate,No,15420,0,70000,360,,Rural,N
LP105379,Male,Yes,0,Not Graduate,No,30500,0,70000,360,1,Rural,N
LP105380,Male,No,3+,Not Graduate,No,57140,41717,68900,360,1,Semiurban,Y
LP105381,Female,Yes,0,Graduate,Yes,50120,23393,63900,360,0,Semiurban,N
LP105382,Male,Yes,0,Graduate,,43190,12951,70000,360,1,Urban,Y
LP105383,Male,No,0,Graduate,No,34330,0,62400,480,1,Rural,Y
LP105384,Male,Yes,0,Graduate,No,77160,10271,65800,360,0,Urban,N
LP105385,Female,Yes,1,Graduate,No,75300,0,61100,360,0,Semiurban,N
LP105386,Male,Yes,0,Graduate,No,31490,40048,60200,360,1,Semiurban,Y
LP105387,Male,No,1,Not Graduate,No,57430,25697,70000,360,0,Semiurban,N
LP105388,Male,Yes,,Graduate,No,26130,7734,64600,360,1,Rural,Y
LP105389,Male,Yes,1,Graduate,No,40170,33132,60400,360,1,Semiurban,Y
LP105390,Male,Yes,2,Graduate,No,24890,0,70000,360,1,Urban,N
LP105391,Female,Yes,1,Graduate,Yes,18540,17111,57500,360,1,Urban,Y
LP105392,Male,Yes,2,Not Graduate,No,35000,0,66800,480,1,Rural,Y
LP105393,Female,Yes,0,Graduate,No,46590,31963,60700,300,,Urban,Y
LP105394,Male,No,2,Graduate,Yes,35440,55044,58400,360,1,Semiurban,Y
LP105395,Female,No,0,Graduate,Yes,40270,14687,69100,360,1,Rural,Y
LP105396,Male,No,1,Not Graduate,No,17630,15444,70000,360,1,Urban,N
LP105397,Male,No,0,Graduate,No,31290,0,70000,360,1,Urban,Y
LP105398,Male,Yes,0,Graduate,No,56090,23863,61100,360,1,Semiurban,Y
LP105399,Female,Yes,1,Graduate,No,21410,20049,58900,,1,Rural,Y
LP105400,Male,Yes,3+,Graduate,No,199880,45225,70000,360,0,Urban,N
LP105401,Male,Yes,0,Graduate,No,54280,28541,68600,360,1,Semiurban,Y
LP105402,Female,Yes,1,Graduate,No,37400,22824,70000,360,1,Semiurban,Y
LP105403,Male,Yes,1,Graduate,No,63880,8127,59800,360,1,Semiurban,Y
LP105404,Male,No,0,Graduate,No,31110,11374,70000,360,1,Rural,Y
LP105405,Male,Yes,2,Graduate,No,43180,37825,70000,120,1,Rural,Y
LP105406,Male,Yes,2,Graduate,No,27830,0,69500,360,0,Rural,N
LP105407,Male,No,0,Graduate,No,12410,14119,56700,360,1,Semiurban,Y
LP105408,Male,Yes,3+,Graduate,No,54920,0,70000,360,1,Rural,Y
LP105409,Male,Yes,1,Not Graduate,No,46370,0,60500,,1,Urban,N
LP105410,Male,Yes,1,Graduate,No,172730,0,70000,360,1,Urban,Y
LP105411,Male,Yes,0,Not Graduate,No,32090,0,69100,360,1,Semiurban,Y
LP105412,Male,Yes,1,Graduate,No,20470,24631,61400,360,1,Semiurban,Y
LP105413,Female,No,2,Graduate,No,25010,67040,70000,360,1,Urban,Y
LP105414,Male,No,2,Graduate,No,47060,12762,65400,360,1,Urban,Y
LP105415,Male,Yes,1,Not Graduate,No,27650,0,70000,180,1,Semiurban,Y
LP105416,Male,Yes,0,Graduate,Yes,34910,15660,70000,360,1,Urban,Y
LP105417,Male,Yes,0,Graduate,No,60180,20220,70000,360,,Semiurban,N
LP105418,Female,Yes,0,Not Graduate,No,26190,0,70000,360,1,Rural,N
LP105419,Male,Yes,0,Graduate,No,85240,18623,62700,360,1,Rural,Y
LP105420,Male,No,0,Graduate,,51460,0,60400,,0,Urban,N
LP105421,Male,Yes,0,Graduate,Yes,27690,22482,60900,360,0,Semiurban,N
LP105422,Male,Yes,0,Graduate,No,41880,0,70000,360,1,Semiurban,Y
LP105423,Male,Yes,0,Graduate,No,15550,0,70000,360,1,Urban,Y
LP105424,Male,Yes,0,Graduate,No,90170,0,70000,240,1,Semiurban,Y
LP105425,Male,Yes,1,Graduate,No,65080,14247,70000,360,1,Rural,Y
LP105426,Male,Yes,0,Not Graduate,No,68950,22273,70000,360,1,Urban,Y
LP105427,Male,Yes,0,Not Graduate,No,37850,0,63000,360,,Rural,N
LP105428,Male,No,0,Graduate,No,42720,20283,67900,360,1,Urban,Y
LP105429,Male,Yes,2,Graduate,No,45720,43087,70000,360,1,Rural,Y
LP105430,Male,Yes,0,Not Graduate,No,47010,9631,59800,360,,Semiurban,N
LP105431,Male,No,2,Graduate,,67220,48385,70000,360,,Urban,Y
LP105432,Male,No,0,Graduate,No,150390,0,70000,360,1,Rural,Y
LP105433,Male,Yes,0,Graduate,No,21960,20917,62200,360,1,Semiurban,Y
LP105434,Male,No,1,Graduate,No,14260,25197,65000,360,1,Urban,N
LP105435,Female,No,1,Graduate,No,28440,0,70000,360,1,Rural,Y
LP105436,Male,No,0,Graduate,No,86520,11360,70000,,1,Rural,Y
LP105437,Male,No,2,Not Graduate,No,17020,13627,56400,360,1,Semiurban,N
LP105438,Female,Yes,0,Not Graduate,No,14960,0,66600,360,0,Semiurban,N
LP105439,Male,Yes,2,Not Graduate,No,51050,5237,55600,84,1,Semiurban,Y
LP105440,Male,No,3+,Graduate,Yes,36870,5197,68800,360,1,Rural,Y
LP105441,Male,No,2,Graduate,Yes,31520,0,70000,360,1,Urban,N
LP105442,Male,Yes,0,Graduate,No,76270,22448,70000,180,,Semiurban,N
LP105443,Male,No,0,Graduate,Yes,79570,17745,70000,360,1,Urban,Y
LP105444,Male,Yes,0,Graduate,No,36700,0,65500,180,1,Semiurban,Y
LP105445,Female,No,0,Graduate,No,45030,0,63500,360,1,Semiurban,Y
LP105446,Male,Yes,0,Graduate,No,19680,0,70000,360,0,Urban,N
LP105447,Male,Yes,0,Not Graduate,No,47530,3569,70000,360,0,Semiurban,N
LP105448,Male,Yes,0,Graduate,No,27420,13489,58400,360,1,Urban,Y
LP105449,Male,Yes,3+,Graduate,No,48410,18328,70000,360,1,Rural,Y
LP105450,Male,Yes,0,Graduate,No,19340,10012,63000,360,1,Rural,Y
LP105451,Male,No,0,Graduate,No,39810,0,61300,360,1,Urban,Y
LP105452,Male,No,0,Graduate,No,35130,0,59800,360,0,Semiurban,N
LP105453,Male,No,0,Not Graduate,No,28050,13549,70000,360,1,Semiurban,Y
LP105454,Male,Yes,1,Not Graduate,No,49800,0,69300,360,1,Semiurban,N
LP105455,Male,Yes,2,Not Graduate,No,28840,17150,63400,360,,Urban,N
LP105456,Female,No,3+,Graduate,No,491170,7695,70000,360,1,Semiurban,Y
LP105457,Female,No,0,Graduate,No,15820,0,51400,360,1,Semiurban,Y
LP105458,Male,Yes,0,Graduate,Yes,51800,12033,70000,360,1,Urban,Y
LP105459,Male,No,2,Graduate,No,31550,0,59500,360,1,Semiurban,Y
LP105460,Male,Yes,1,Not Graduate,No,25610,15471,62200,360,1,Rural,N
LP105461,Male,Yes,1,Graduate,Yes,74750,0,70000,360,1,Urban,Y
LP105462,Male,Yes,1,Graduate,Yes,216170,30331,70000,360,1,Rural,Y
LP105463,Male,Yes,2,Graduate,No,19250,9062,62700,360,,Semiurban,N
LP105464,Male,No,0,Graduate,No,24320,0,59600,360,0,Rural,N
LP105465,Male,Yes,1,Graduate,No,82200,32100,70000,360,1,Rural,Y
LP105466,Male,Yes,1,Not Graduate,No,182180,15830,65700,360,1,Semiurban,Y
LP105467,Male,Yes,2,Not Graduate,No,36040,11959,70000,360,1,Semiurban,N
LP105468,Male,Yes,0,Graduate,No,39920,28627,56400,360,1,Urban,Y
LP105469,Male,Yes,0,Graduate,No,17590,0,68700,360,1,Rural,Y
LP105470,Male,Yes,2,Not Graduate,Yes,41660,0,70000,360,1,Urban,Y
LP105471,Male,Yes,1,Graduate,No,55390,14094,59200,360,1,Rural,Y
LP105472,Female,Yes,2,Not Graduate,No,49900,0,57800,360,1,Rural,N
LP105473,Female,No,1,Graduate,Yes,129200,0,61800,360,1,Urban,Y
LP105474,Female,Yes,0,Graduate,No,34730,22893,61600,360,1,Urban,Y
LP105475,Male,No,1,Not Graduate,No,26120,0,59000,360,1,Rural,N
LP105476,Male,No,0,Graduate,No,39500,0,66300,360,1,Urban,Y
LP105477,Male,Yes,1,Graduate,No,44780,20323,65900,360,0,Urban,N
LP105478,Female,No,3+,Graduate,No,23010,20464,70000,360,1,Semiurban,Y
LP105479,Male,Yes,0,Not Graduate,,70300,23665,70000,360,1,Urban,Y
LP105480,Female,Yes,1,Graduate,No,56130,15684,69400,360,0,Urban,N
LP105481,Male,No,0,Graduate,Yes,51020,0,70000,360,1,Semiurban,Y
LP105482,Male,Yes,0,Not Graduate,No,41280,10219,70000,360,1,Semiurban,Y
LP105483,Male,No,0,Graduate,No,42020,9972,70000,360,1,Rural,Y
LP105484,Male,No,3+,Not Graduate,No,27380,20256,70000,480,1,Rural,N
LP105485,Male,Yes,0,Graduate,No,41620,8858,67700,360,1,Urban,Y
LP105486,Male,No,0,Not Graduate,Yes,58500,25484,70000,360,1,Semiurban,Y
LP105487,Male,No,0,Not Graduate,,26510,7187,62700,360,1,Rural,N
LP105488,Male,Yes,0,Graduate,No,122470,13836,63600,360,1,Urban,Y
LP105489,Male,Yes,0,Graduate,No,38310,0,70000,360,1,Semiurban,Y
LP105490,Female,No,0,Graduate,Yes,30920,5421,69800,360,1,Urban,Y
